"alA_l","alpha_aux_l","alrhoA_g","alrhoA_l","alrhoEA_g","alrhoEA_l","alrhouA_g","alrhouA_l","area_aux","density_aux_g","density_aux_l","internal_energy_aux_g","internal_energy_aux_l","mach_aux_g","mach_aux_l","pressure_aux_g","pressure_aux_l","total_energy_aux_g","total_energy_aux_l","velocity_x_aux_g","velocity_x_aux_l","GlobalNodeId","PedigreeNodeId","Points:0","Points:1","Points:2"
0.5,0.5,0.5,5,1.25e+06,250000,0,0,1,1,10,2.5e+06,500000,0,0,1e+06,1e+06,2.5e+06,500000,0,0,1,1,0,0,0
0.5,0.5,0.5,5,1.25e+06,250000,-3.45988e-12,-2.40502e-11,1,1,10,2.5e+06,500000,5.84826e-15,8.78187e-15,1e+06,1e+06,2.5e+06,500000,-6.91976e-12,-4.81003e-12,2,2,0.002,0,0
0.5,0.5,0.5,5,1.25e+06,250000,-7.03707e-12,-6.10546e-11,1,1,10,2.5e+06,500000,1.18948e-14,2.2294e-14,1e+06,1e+06,2.5e+06,500000,-1.40741e-11,-1.22109e-11,3,3,0.004,0,0
0.5,0.5,0.5,5,1.25e+06,250000,2.05917e-12,-1.32767e-11,1,1,10,2.5e+06,500000,3.48062e-15,4.84796e-15,1e+06,1e+06,2.5e+06,500000,4.11833e-12,-2.65534e-12,4,4,0.006,0,0
0.5,0.5,0.5,5,1.25e+06,250000,-1.13189e-11,-3.73175e-11,1,1,10,2.5e+06,500000,1.91324e-14,1.36264e-14,1e+06,1e+06,2.5e+06,500000,-2.26378e-11,-7.4635e-12,5,5,0.008,0,0
0.5,0.5,0.5,5,1.25e+06,250000,-6.79913e-12,-1.20232e-10,1,1,10,2.5e+06,500000,1.14926e-14,4.39027e-14,1e+06,1e+06,2.5e+06,500000,-1.35983e-11,-2.40465e-11,6,6,0.01,0,0
0.5,0.5,0.5,5,1.25e+06,250000,8.17362e-12,6.27478e-11,1,1,10,2.5e+06,500000,1.38159e-14,2.29122e-14,1e+06,1e+06,2.5e+06,500000,1.63472e-11,1.25496e-11,7,7,0.012,0,0
0.5,0.5,0.5,5,1.25e+06,250000,-4.83584e-12,-1.124e-10,1,1,10,2.5e+06,500000,8.17406e-15,4.10427e-14,1e+06,1e+06,2.5e+06,500000,-9.67168e-12,-2.248e-11,8,8,0.014,0,0
0.5,0.5,0.5,5,1.25e+06,250000,-1.21718e-12,-9.0306e-11,1,1,10,2.5e+06,500000,2.0574e-15,3.29751e-14,1e+06,1e+06,2.5e+06,500000,-2.43435e-12,-1.80612e-11,9,9,0.016,0,0
0.5,0.5,0.5,5,1.25e+06,250000,4.60631e-12,-2.74206e-11,1,1,10,2.5e+06,500000,7.78608e-15,1.00126e-14,1e+06,1e+06,2.5e+06,500000,9.21262e-12,-5.48411e-12,10,10,0.018,0,0
0.5,0.5,0.5,5,1.25e+06,250000,-4.66436e-11,-7.53869e-11,1,1,10,2.5e+06,500000,7.88421e-14,2.75274e-14,1e+06,1e+06,2.5e+06,500000,-9.32872e-11,-1.50774e-11,11,11,0.02,0,0
0.5,0.5,0.5,5,1.25e+06,250000,4.4975e-13,-1.29925e-10,1,1,10,2.5e+06,500000,7.60215e-16,4.74418e-14,1e+06,1e+06,2.5e+06,500000,8.99499e-13,-2.5985e-11,12,12,0.022,0,0
0.5,0.5,0.5,5,1.25e+06,250000,-1.20309e-11,-6.40913e-11,1,1,10,2.5e+06,500000,2.03359e-14,2.34028e-14,1e+06,1e+06,2.5e+06,500000,-2.40617e-11,-1.28183e-11,13,13,0.024,0,0
0.5,0.5,0.5,5,1.25e+06,250000,-1.72085e-11,-1.51441e-10,1,1,10,2.5e+06,500000,2.90876e-14,5.52985e-14,1e+06,1e+06,2.5e+06,500000,-3.44169e-11,-3.02882e-11,14,14,0.026,0,0
0.5,0.5,0.5,5,1.25e+06,250000,-6.60971e-12,-1.35817e-10,1,1,10,2.5e+06,500000,1.11724e-14,4.95933e-14,1e+06,1e+06,2.5e+06,500000,-1.32194e-11,-2.71633e-11,15,15,0.028,0,0
0.5,0.5,0.5,5,1.25e+06,250000,-2.50894e-12,-5.59782e-11,1,1,10,2.5e+06,500000,4.24088e-15,2.04403e-14,1e+06,1e+06,2.5e+06,500000,-5.01788e-12,-1.11956e-11,16,16,0.03,0,0
0.5,0.5,0.5,5,1.25e+06,250000,-1.63674e-11,-1.02288e-10,1,1,10,2.5e+06,500000,2.76659e-14,3.73504e-14,1e+06,1e+06,2.5e+06,500000,-3.27347e-11,-2.04577e-11,17,17,0.032,0,0
0.5,0.5,0.5,5,1.25e+06,250000,-1.08119e-11,-1.04739e-10,1,1,10,2.5e+06,500000,1.82755e-14,3.82451e-14,1e+06,1e+06,2.5e+06,500000,-2.16239e-11,-2.09477e-11,18,18,0.034,0,0
0.5,0.5,0.5,5,1.25e+06,250000,-7.06089e-12,-4.79957e-11,1,1,10,2.5e+06,500000,1.19351e-14,1.75255e-14,1e+06,1e+06,2.5e+06,500000,-1.41218e-11,-9.59913e-12,19,19,0.036,0,0
0.5,0.5,0.5,5,1.25e+06,250000,-2.01475e-11,-7.03558e-11,1,1,10,2.5e+06,500000,3.40555e-14,2.56903e-14,1e+06,1e+06,2.5e+06,500000,-4.0295e-11,-1.40712e-11,20,20,0.038,0,0
0.5,0.5,0.5,5,1.25e+06,250000,-1.34863e-11,-4.80712e-11,1,1,10,2.5e+06,500000,2.2796e-14,1.75531e-14,1e+06,1e+06,2.5e+06,500000,-2.69726e-11,-9.61424e-12,21,21,0.04,0,0
0.5,0.5,0.5,5,1.25e+06,250000,-2.72612e-12,-6.13542e-11,1,1,10,2.5e+06,500000,4.60798e-15,2.24034e-14,1e+06,1e+06,2.5e+06,500000,-5.45224e-12,-1.22708e-11,22,22,0.042,0,0
0.5,0.5,0.5,5,1.25e+06,250000,-8.43582e-12,-3.58886e-11,1,1,10,2.5e+06,500000,1.42591e-14,1.31046e-14,1e+06,1e+06,2.5e+06,500000,-1.68716e-11,-7.17771e-12,23,23,0.044,0,0
0.5,0.5,0.5,5,1.25e+06,250000,-3.18951e-12,-3.10855e-11,1,1,10,2.5e+06,500000,5.39125e-15,1.13508e-14,1e+06,1e+06,2.5e+06,500000,-6.37902e-12,-6.2171e-12,24,24,0.046,0,0
0.5,0.5,0.5,5,1.25e+06,250000,-3.02561e-12,-4.03325e-11,1,1,10,2.5e+06,500000,5.11421e-15,1.47274e-14,1e+06,1e+06,2.5e+06,500000,-6.05122e-12,-8.0665e-12,25,25,0.048,0,0
0.5,0.5,0.5,5,1.25e+06,250000,-3.56116e-12,-4.20667e-11,1,1,10,2.5e+06,500000,6.01947e-15,1.53606e-14,1e+06,1e+06,2.5e+06,500000,-7.12233e-12,-8.41334e-12,26,26,0.05,0,0
0.5,0.5,0.5,5,1.25e+06,250000,-4.30211e-12,-2.58761e-11,1,1,10,2.5e+06,500000,7.2719e-15,9.44862e-15,1e+06,1e+06,2.5e+06,500000,-8.60422e-12,-5.17522e-12,27,27,0.052,0,0
0.5,0.5,0.5,5,1.25e+06,250000,-7.7015e-14,-9.23263e-12,1,1,10,2.5e+06,500000,1.30179e-16,3.37128e-15,1e+06,1e+06,2.5e+06,500000,-1.5403e-13,-1.84653e-12,28,28,0.054,0,0
0.5,0.5,0.5,5,1.25e+06,250000,1.21186e-12,-7.78758e-12,1,1,10,2.5e+06,500000,2.04841e-15,2.84362e-15,1e+06,1e+06,2.5e+06,500000,2.42372e-12,-1.55752e-12,29,29,0.056,0,0
0.5,0.5,0.5,5,1.25e+06,250000,-1.78632e-12,1.54664e-11,1,1,10,2.5e+06,500000,3.01943e-15,5.64753e-15,1e+06,1e+06,2.5e+06,500000,-3.57264e-12,3.09328e-12,30,30,0.058,0,0
0.5,0.5,0.5,5,1.25e+06,250000,3.2309e-12,8.03007e-12,1,1,10,2.5e+06,500000,5.46122e-15,2.93217e-15,1e+06,1e+06,2.5e+06,500000,6.4618e-12,1.60601e-12,31,31,0.06,0,0
0.5,0.5,0.5,5,1.25e+06,250000,9.0201e-14,1.39055e-11,1,1,10,2.5e+06,500000,1.52467e-16,5.07759e-15,1e+06,1e+06,2.5e+06,500000,1.80402e-13,2.78111e-12,32,32,0.062,0,0
0.5,0.5,0.5,5,1.25e+06,250000,2.34828e-13,-5.25002e-12,1,1,10,2.5e+06,500000,3.96932e-16,1.91704e-15,1e+06,1e+06,2.5e+06,500000,4.69657e-13,-1.05e-12,33,33,0.064,0,0
0.5,0.5,0.5,5,1.25e+06,250000,-3.2606e-12,-9.30539e-12,1,1,10,2.5e+06,500000,5.51141e-15,3.39785e-15,1e+06,1e+06,2.5e+06,500000,-6.52119e-12,-1.86108e-12,34,34,0.066,0,0
0.5,0.5,0.5,5,1.25e+06,250000,-1.57623e-12,-2.82436e-11,1,1,10,2.5e+06,500000,2.66431e-15,1.03131e-14,1e+06,1e+06,2.5e+06,500000,-3.15245e-12,-5.64872e-12,35,35,0.068,0,0
0.5,0.5,0.5,5,1.25e+06,250000,-1.64072e-12,-1.9296e-11,1,1,10,2.5e+06,500000,2.77332e-15,7.04589e-15,1e+06,1e+06,2.5e+06,500000,-3.28143e-12,-3.8592e-12,36,36,0.07,0,0
0.5,0.5,0.5,5,1.25e+06,250000,-5.68894e-12,-3.24731e-11,1,1,10,2.5e+06,500000,9.61607e-15,1.18575e-14,1e+06,1e+06,2.5e+06,500000,-1.13779e-11,-6.49462e-12,37,37,0.072,0,0
0.5,0.5,0.5,5,1.25e+06,250000,-7.74191e-13,-3.47764e-11,1,1,10,2.5e+06,500000,1.30862e-15,1.26986e-14,1e+06,1e+06,2.5e+06,500000,-1.54838e-12,-6.95529e-12,38,38,0.074,0,0
0.5,0.5,0.5,5,1.25e+06,250000,-5.52306e-12,-3.3455e-11,1,1,10,2.5e+06,500000,9.33567e-15,1.2216e-14,1e+06,1e+06,2.5e+06,500000,-1.10461e-11,-6.69099e-12,39,39,0.076,0,0
0.5,0.5,0.5,5,1.25e+06,250000,-2.26497e-12,-3.5477e-11,1,1,10,2.5e+06,500000,3.8285e-15,1.29544e-14,1e+06,1e+06,2.5e+06,500000,-4.52994e-12,-7.0954e-12,40,40,0.078,0,0
0.5,0.5,0.5,5,1.25e+06,250000,-4.51894e-12,-3.33005e-11,1,1,10,2.5e+06,500000,7.6384e-15,1.21596e-14,1e+06,1e+06,2.5e+06,500000,-9.03787e-12,-6.6601e-12,41,41,0.08,0,0
0.5,0.5,0.5,5,1.25e+06,250000,-1.73962e-12,-3.759e-11,1,1,10,2.5e+06,500000,2.9405e-15,1.37259e-14,1e+06,1e+06,2.5e+06,500000,-3.47925e-12,-7.51799e-12,42,42,0.082,0,0
0.5,0.5,0.5,5,1.25e+06,250000,-5.49333e-12,-2.12157e-11,1,1,10,2.5e+06,500000,9.28543e-15,7.74688e-15,1e+06,1e+06,2.5e+06,500000,-1.09867e-11,-4.24314e-12,43,43,0.084,0,0
0.5,0.5,0.5,5,1.25e+06,250000,3.00074e-12,-1.66352e-11,1,1,10,2.5e+06,500000,5.07218e-15,6.07431e-15,1e+06,1e+06,2.5e+06,500000,6.00148e-12,-3.32704e-12,44,44,0.086,0,0
0.5,0.5,0.5,5,1.25e+06,250000,-7.36177e-12,-1.63955e-11,1,1,10,2.5e+06,500000,1.24437e-14,5.98678e-15,1e+06,1e+06,2.5e+06,500000,-1.47235e-11,-3.27909e-12,45,45,0.088,0,0
0.5,0.5,0.5,5,1.25e+06,250000,5.38123e-12,-2.90292e-11,1,1,10,2.5e+06,500000,9.09594e-15,1.06e-14,1e+06,1e+06,2.5e+06,500000,1.07625e-11,-5.80584e-12,46,46,0.09,0,0
0.5,0.5,0.5,5,1.25e+06,250000,-1.21982e-11,-1.9534e-11,1,1,10,2.5e+06,500000,2.06187e-14,7.1328e-15,1e+06,1e+06,2.5e+06,500000,-2.43964e-11,-3.9068e-12,47,47,0.092,0,0
0.5,0.5,0.5,5,1.25e+06,250000,8.63342e-12,-3.81539e-11,1,1,10,2.5e+06,500000,1.45931e-14,1.39318e-14,1e+06,1e+06,2.5e+06,500000,1.72668e-11,-7.63078e-12,48,48,0.094,0,0
0.5,0.5,0.5,5,1.25e+06,250000,-1.78265e-11,-2.17761e-11,1,1,10,2.5e+06,500000,3.01323e-14,7.95151e-15,1e+06,1e+06,2.5e+06,500000,-3.5653e-11,-4.35522e-12,49,49,0.096,0,0
0.5,0.5,0.5,5,1.25e+06,250000,1.45962e-11,-3.66616e-11,1,1,10,2.5e+06,500000,2.46722e-14,1.33869e-14,1e+06,1e+06,2.5e+06,500000,2.91925e-11,-7.33232e-12,50,50,0.098,0,0
0.5,0.5,0.5,5,1.25e+06,250000,-2.07209e-11,-8.79403e-13,1,1,10,2.5e+06,500000,3.50247e-14,3.21113e-16,1e+06,1e+06,2.5e+06,500000,-4.14418e-11,-1.75881e-13,51,51,0.1,0,0
0.5,0.5,0.5,5,1.25e+06,250000,2.23643e-11,-4.60245e-12,1,1,10,2.5e+06,500000,3.78026e-14,1.68058e-15,1e+06,1e+06,2.5e+06,500000,4.47287e-11,-9.2049e-13,52,52,0.102,0,0
0.5,0.5,0.5,5,1.25e+06,250000,-1.91626e-11,4.82607e-11,1,1,10,2.5e+06,500000,3.23907e-14,1.76223e-14,1e+06,1e+06,2.5e+06,500000,-3.83252e-11,9.65215e-12,53,53,0.104,0,0
0.5,0.5,0.5,5,1.25e+06,250000,2.74615e-11,2.53464e-11,1,1,10,2.5e+06,500000,4.64183e-14,9.2552e-15,1e+06,1e+06,2.5e+06,500000,5.49229e-11,5.06928e-12,54,54,0.106,0,0
0.5,0.5,0.5,5,1.25e+06,250000,-1.47587e-11,9.86618e-11,1,1,10,2.5e+06,500000,2.49468e-14,3.60262e-14,1e+06,1e+06,2.5e+06,500000,-2.95175e-11,1.97324e-11,55,55,0.108,0,0
0.5,0.5,0.5,5,1.25e+06,250000,3.11522e-11,6.74213e-11,1,1,10,2.5e+06,500000,5.26569e-14,2.46188e-14,1e+06,1e+06,2.5e+06,500000,6.23044e-11,1.34843e-11,56,56,0.11,0,0
0.5,0.5,0.5,5,1.25e+06,250000,-1.27005e-11,1.03298e-10,1,1,10,2.5e+06,500000,2.14678e-14,3.7719e-14,1e+06,1e+06,2.5e+06,500000,-2.54011e-11,2.06595e-11,57,57,0.112,0,0
0.5,0.5,0.5,5,1.25e+06,250000,3.11415e-11,7.90976e-11,1,1,10,2.5e+06,500000,5.26388e-14,2.88823e-14,1e+06,1e+06,2.5e+06,500000,6.2283e-11,1.58195e-11,58,58,0.114,0,0
0.5,0.5,0.5,5,1.25e+06,250000,-1.27827e-11,1.08428e-10,1,1,10,2.5e+06,500000,2.16067e-14,3.95924e-14,1e+06,1e+06,2.5e+06,500000,-2.55654e-11,2.16857e-11,59,59,0.116,0,0
0.5,0.5,0.5,5,1.25e+06,250000,3.30882e-11,7.43809e-11,1,1,10,2.5e+06,500000,5.59293e-14,2.71601e-14,1e+06,1e+06,2.5e+06,500000,6.61764e-11,1.48762e-11,60,60,0.118,0,0
0.5,0.5,0.5,5,1.25e+06,250000,-1.94958e-11,1.0271e-10,1,1,10,2.5e+06,500000,3.29539e-14,3.75045e-14,1e+06,1e+06,2.5e+06,500000,-3.89916e-11,2.0542e-11,61,61,0.12,0,0
0.5,0.5,0.5,5,1.25e+06,250000,3.94017e-11,4.56173e-11,1,1,10,2.5e+06,500000,6.6601e-14,1.66571e-14,1e+06,1e+06,2.5e+06,500000,7.88033e-11,9.12346e-12,62,62,0.122,0,0
0.5,0.5,0.5,5,1.25e+06,250000,-3.44353e-11,5.83611e-11,1,1,10,2.5e+06,500000,5.82062e-14,2.13105e-14,1e+06,1e+06,2.5e+06,500000,-6.88705e-11,1.16722e-11,63,63,0.124,0,0
0.5,0.5,0.5,5,1.25e+06,250000,4.05044e-11,-2.1739e-11,1,1,10,2.5e+06,500000,6.8465e-14,7.93795e-15,1e+06,1e+06,2.5e+06,500000,8.10089e-11,-4.34779e-12,64,64,0.126,0,0
0.5,0.5,0.5,5,1.25e+06,250000,-3.76682e-11,3.801e-11,1,1,10,2.5e+06,500000,6.36709e-14,1.38793e-14,1e+06,1e+06,2.5e+06,500000,-7.53364e-11,7.60201e-12,65,65,0.128,0,0
0.5,0.5,0.5,5,1.25e+06,250000,3.13363e-11,-2.89557e-11,1,1,10,2.5e+06,500000,5.2968e-14,1.05731e-14,1e+06,1e+06,2.5e+06,500000,6.26726e-11,-5.79113e-12,66,66,0.13,0,0
0.5,0.5,0.5,5,1.25e+06,250000,-1.99937e-11,2.01637e-11,1,1,10,2.5e+06,500000,3.37956e-14,7.36274e-15,1e+06,1e+06,2.5e+06,500000,-3.99875e-11,4.03274e-12,67,67,0.132,0,0
0.5,0.5,0.5,5,1.25e+06,250000,6.45026e-12,5.96619e-12,1,1,10,2.5e+06,500000,1.09029e-14,2.17855e-15,1e+06,1e+06,2.5e+06,500000,1.29005e-11,1.19324e-12,68,68,0.134,0,0
0.5,0.5,0.5,5,1.25e+06,250000,1.25229e-11,3.09968e-11,1,1,10,2.5e+06,500000,2.11676e-14,1.13184e-14,1e+06,1e+06,2.5e+06,500000,2.50459e-11,6.19936e-12,69,69,0.136,0,0
0.5,0.5,0.5,5,1.25e+06,250000,-1.31931e-11,7.61434e-11,1,1,10,2.5e+06,500000,2.23005e-14,2.78036e-14,1e+06,1e+06,2.5e+06,500000,-2.63863e-11,1.52287e-11,70,70,0.138,0,0
0.5,0.5,0.5,5,1.25e+06,250000,3.18275e-11,6.48027e-11,1,1,10,2.5e+06,500000,5.37983e-14,2.36626e-14,1e+06,1e+06,2.5e+06,500000,6.3655e-11,1.29605e-11,71,71,0.14,0,0
0.5,0.5,0.5,5,1.25e+06,250000,-1.12281e-11,1.21484e-10,1,1,10,2.5e+06,500000,1.89789e-14,4.43597e-14,1e+06,1e+06,2.5e+06,500000,-2.24561e-11,2.42968e-11,72,72,0.142,0,0
0.5,0.5,0.5,5,1.25e+06,250000,2.52513e-11,1.03099e-10,1,1,10,2.5e+06,500000,4.26825e-14,3.76464e-14,1e+06,1e+06,2.5e+06,500000,5.05027e-11,2.06198e-11,73,73,0.144,0,0
0.5,0.5,0.5,5,1.25e+06,250000,6.46297e-12,1.00477e-10,1,1,10,2.5e+06,500000,1.09244e-14,3.66891e-14,1e+06,1e+06,2.5e+06,500000,1.29259e-11,2.00955e-11,74,74,0.146,0,0
0.5,0.5,0.5,5,1.25e+06,250000,3.35715e-12,9.20309e-11,1,1,10,2.5e+06,500000,5.67462e-15,3.36049e-14,1e+06,1e+06,2.5e+06,500000,6.7143e-12,1.84062e-11,75,75,0.148,0,0
0.5,0.5,0.5,5,1.25e+06,250000,1.91576e-11,4.85062e-11,1,1,10,2.5e+06,500000,3.23822e-14,1.7712e-14,1e+06,1e+06,2.5e+06,500000,3.83151e-11,9.70124e-12,76,76,0.15,0,0
0.5,0.5,0.5,5,1.25e+06,250000,-1.03939e-11,6.91679e-11,1,1,10,2.5e+06,500000,1.75689e-14,2.52565e-14,1e+06,1e+06,2.5e+06,500000,-2.07878e-11,1.38336e-11,77,77,0.152,0,0
0.5,0.5,0.5,5,1.25e+06,250000,2.22447e-11,4.11617e-11,1,1,10,2.5e+06,500000,3.76005e-14,1.50301e-14,1e+06,1e+06,2.5e+06,500000,4.44895e-11,8.23235e-12,78,78,0.154,0,0
0.5,0.5,0.5,5,1.25e+06,250000,-5.60679e-12,1.27213e-10,1,1,10,2.5e+06,500000,9.47721e-15,4.64515e-14,1e+06,1e+06,2.5e+06,500000,-1.12136e-11,2.54426e-11,79,79,0.156,0,0
0.5,0.5,0.5,5,1.25e+06,250000,4.01031e-11,2.03587e-10,1,1,10,2.5e+06,500000,6.77866e-14,7.43395e-14,1e+06,1e+06,2.5e+06,500000,8.02062e-11,4.07174e-11,80,80,0.158,0,0
0.5,0.5,0.5,5,1.25e+06,250000,3.22047e-11,4.00074e-10,1,1,10,2.5e+06,500000,5.44359e-14,1.46086e-13,1e+06,1e+06,2.5e+06,500000,6.44095e-11,8.00147e-11,81,81,0.16,0,0
0.5,0.5,0.5,5,1.25e+06,250000,6.22737e-11,7.194e-10,1,1,10,2.5e+06,500000,1.05262e-13,2.62688e-13,1e+06,1e+06,2.5e+06,500000,1.24547e-10,1.4388e-10,82,82,0.162,0,0
0.5,0.5,0.5,5,1.25e+06,250000,1.83361e-10,1.17877e-09,1,1,10,2.5e+06,500000,3.09937e-13,4.30426e-13,1e+06,1e+06,2.5e+06,500000,3.66723e-10,2.35754e-10,83,83,0.164,0,0
0.5,0.5,0.5,5,1.25e+06,250000,1.70357e-10,2.28137e-09,1,1,10,2.5e+06,500000,2.87957e-13,8.33038e-13,1e+06,1e+06,2.5e+06,500000,3.40715e-10,4.56274e-10,84,84,0.166,0,0
0.5,0.5,0.5,5,1.25e+06,250000,4.93066e-10,3.80447e-09,1,1,10,2.5e+06,500000,8.33434e-13,1.3892e-12,1e+06,1e+06,2.5e+06,500000,9.86132e-10,7.60894e-10,85,85,0.168,0,0
0.5,0.5,0.5,5,1.25e+06,250000,7.28637e-10,7.10048e-09,1,1,10,2.5e+06,500000,1.23162e-12,2.59273e-12,1e+06,1e+06,2.5e+06,500000,1.45727e-09,1.4201e-09,86,86,0.17,0,0
0.5,0.5,0.5,5,1.25e+06,250000,1.40678e-09,1.26221e-08,1,1,10,2.5e+06,500000,2.37788e-12,4.60895e-12,1e+06,1e+06,2.5e+06,500000,2.81355e-09,2.52443e-09,87,87,0.172,0,0
0.5,0.5,0.5,5,1.25e+06,250000,2.51616e-09,2.27451e-08,1,1,10,2.5e+06,500000,4.25309e-12,8.30532e-12,1e+06,1e+06,2.5e+06,500000,5.03233e-09,4.54901e-09,88,88,0.174,0,0
0.5,0.5,0.5,5,1.25e+06,250000,4.41625e-09,4.07858e-08,1,1,10,2.5e+06,500000,7.46482e-12,1.48929e-11,1e+06,1e+06,2.5e+06,500000,8.8325e-09,8.15716e-09,89,89,0.176,0,0
0.5,0.5,0.5,5,1.25e+06,250000,7.96126e-09,7.2186e-08,1,1,10,2.5e+06,500000,1.3457e-11,2.63586e-11,1e+06,1e+06,2.5e+06,500000,1.59225e-08,1.44372e-08,90,90,0.178,0,0
0.5,0.5,0.5,5,1.25e+06,250000,1.38325e-08,1.27507e-07,1,1,10,2.5e+06,500000,2.33811e-11,4.65591e-11,1e+06,1e+06,2.5e+06,500000,2.76649e-08,2.55014e-08,91,91,0.18,0,0
0.5,0.5,0.5,5,1.25e+06,250000,2.42794e-08,2.2275e-07,1,1,10,2.5e+06,500000,4.10398e-11,8.13369e-11,1e+06,1e+06,2.5e+06,500000,4.85589e-08,4.455e-08,92,92,0.182,0,0
0.5,0.5,0.5,5,1.25e+06,250000,4.19553e-08,3.8655e-07,1,1,10,2.5e+06,500000,7.09174e-11,1.41148e-10,1e+06,1e+06,2.5e+06,500000,8.39106e-08,7.731e-08,93,93,0.184,0,0
0.5,0.5,0.5,5,1.25e+06,250000,7.21205e-08,6.65426e-07,1,1,10,2.5e+06,500000,1.21906e-10,2.42979e-10,1e+06,1e+06,2.5e+06,500000,1.44241e-07,1.33085e-07,94,94,0.186,0,0
0.5,0.5,0.5,5,1.25e+06,250000,1.2304e-07,1.13593e-06,1,1,10,2.5e+06,500000,2.07975e-10,4.14785e-10,1e+06,1e+06,2.5e+06,500000,2.4608e-07,2.27187e-07,95,95,0.188,0,0
0.5,0.5,0.5,5,1.25e+06,250000,2.08061e-07,1.92431e-06,1,1,10,2.5e+06,500000,3.51687e-10,7.02659e-10,1e+06,1e+06,2.5e+06,500000,4.16122e-07,3.84862e-07,96,96,0.19,0,0
0.5,0.5,0.5,5,1.25e+06,250000,3.4918e-07,3.23341e-06,1,1,10,2.5e+06,500000,5.90221e-10,1.18068e-09,1e+06,1e+06,2.5e+06,500000,6.98359e-07,6.46683e-07,97,97,0.192,0,0
0.5,0.5,0.5,5,1.25e+06,250000,5.81309e-07,5.38923e-06,1,1,10,2.5e+06,500000,9.82591e-10,1.96787e-09,1e+06,1e+06,2.5e+06,500000,1.16262e-06,1.07785e-06,98,98,0.194,0,0
0.5,0.5,0.5,5,1.25e+06,250000,9.59903e-07,8.91161e-06,1,1,10,2.5e+06,500000,1.62253e-09,3.25406e-09,1e+06,1e+06,2.5e+06,500000,1.91981e-06,1.78232e-06,99,99,0.196,0,0
0.5,0.5,0.5,5,1.25e+06,250000,1.57265e-06,1.46186e-05,1,1,10,2.5e+06,500000,2.65827e-09,5.33796e-09,1e+06,1e+06,2.5e+06,500000,3.14531e-06,2.92372e-06,100,100,0.198,0,0
0.5,0.5,0.5,5,1.25e+06,250000,2.556e-06,2.37899e-05,1,1,10,2.5e+06,500000,4.32043e-09,8.68685e-09,1e+06,1e+06,2.5e+06,500000,5.112e-06,4.75798e-06,101,101,0.2,0,0
0.5,0.5,0.5,5,1.25e+06,250000,4.12139e-06,3.84097e-05,1,1,10,2.5e+06,500000,6.96642e-09,1.40253e-08,1e+06,1e+06,2.5e+06,500000,8.24278e-06,7.68195e-06,102,102,0.202,0,0
0.5,0.5,0.5,5,1.25e+06,250000,6.59202e-06,6.15125e-05,1,1,10,2.5e+06,500000,1.11426e-08,2.24612e-08,1e+06,1e+06,2.5e+06,500000,1.3184e-05,1.23025e-05,103,103,0.204,0,0
0.5,0.5,0.5,5,1.25e+06,250000,1.0464e-05,9.77666e-05,1,1,10,2.5e+06,500000,1.76873e-08,3.56993e-08,1e+06,1e+06,2.5e+06,500000,2.0928e-05,1.95533e-05,104,104,0.206,0,0
0.5,0.5,0.5,5,1.25e+06,250000,1.64769e-05,0.00015414,1,1,10,2.5e+06,500000,2.7851e-08,5.62841e-08,1e+06,1e+06,2.5e+06,500000,3.29538e-05,3.08281e-05,105,105,0.208,0,0
0.5,0.5,0.5,5,1.25e+06,250000,2.57414e-05,0.000241112,1,1,10,2.5e+06,500000,4.35109e-08,8.80418e-08,1e+06,1e+06,2.5e+06,500000,5.14828e-05,4.82225e-05,106,106,0.21,0,0
0.5,0.5,0.5,5,1.25e+06,250000,3.99001e-05,0.000374201,1,1,10,2.5e+06,500000,6.74434e-08,1.36639e-07,1e+06,1e+06,2.5e+06,500000,7.98002e-05,7.48401e-05,107,107,0.212,0,0
0.5,0.5,0.5,5,1.25e+06,250000,6.13626e-05,0.000576204,1,1,10,2.5e+06,500000,1.03722e-07,2.104e-07,1e+06,1e+06,2.5e+06,500000,0.000122725,0.000115241,108,108,0.214,0,0
0.5,0.5,0.5,5,1.25e+06,250000,9.36329e-05,0.000880321,1,1,10,2.5e+06,500000,1.58269e-07,3.21448e-07,999999,999999,2.5e+06,500000,0.000187266,0.000176064,109,109,0.216,0,0
0.5,0.5,0.5,5,1.25e+06,250000,0.00014176,0.00133445,1,0.999999,10,2.5e+06,500000,2.39618e-07,4.87274e-07,999999,999999,2.5e+06,500000,0.00028352,0.000266891,110,110,0.218,0,0
0.5,0.5,0.5,5,1.25e+06,250000,0.000212953,0.0020071,1,0.999999,10,2.5e+06,499999,3.59957e-07,7.32892e-07,999999,999999,2.5e+06,499999,0.000425907,0.000401421,111,111,0.22,0,0
0.5,0.5,0.499999,5,1.25e+06,249999,0.000317413,0.00299533,1,0.999999,9.99999,2.49999e+06,499999,5.36526e-07,1.09374e-06,999998,999998,2.49999e+06,499999,0.000634826,0.000599066,112,112,0.222,0,0
0.5,0.5,0.499999,4.99999,1.25e+06,249999,0.000469443,0.00443541,1,0.999998,9.99999,2.49999e+06,499998,7.93505e-07,1.61959e-06,999997,999997,2.49999e+06,499998,0.000938887,0.000887083,113,113,0.224,0,0
0.5,0.5,0.499999,4.99999,1.24999e+06,249999,0.000688906,0.00651689,1,0.999997,9.99998,2.49999e+06,499998,1.16447e-06,2.37964e-06,999995,999995,2.49999e+06,499998,0.00137782,0.00130338,114,114,0.226,0,0
0.5,0.5,0.499998,4.99999,1.24999e+06,249998,0.00100314,0.00950105,1,0.999995,9.99998,2.49998e+06,499997,1.69563e-06,3.46931e-06,999993,999993,2.49998e+06,499997,0.0020063,0.00190021,115,115,0.228,0,0
0.5,0.5,0.499997,4.99998,1.24999e+06,249997,0.00144943,0.0137446,1,0.999993,9.99997,2.49998e+06,499995,2.45e-06,5.01884e-06,999990,999990,2.49998e+06,499995,0.00289888,0.00274893,116,116,0.23,0,0
0.499999,0.499999,0.499996,4.99997,1.24998e+06,249996,0.0020781,0.0197299,1,0.99999,9.99995,2.49997e+06,499993,3.51267e-06,7.20441e-06,999986,999986,2.49997e+06,499993,0.00415624,0.003946,117,117,0.232,0,0
0.499999,0.499999,0.499994,4.99996,1.24998e+06,249995,0.0029565,0.0281032,1,0.999986,9.99993,2.49995e+06,499990,4.99747e-06,1.0262e-05,999981,999980,2.49995e+06,499990,0.00591307,0.00562069,118,118,0.234,0,0
0.499999,0.499999,0.499992,4.99994,1.24997e+06,249992,0.00417381,0.039722,1,0.99998,9.99991,2.49993e+06,499986,7.05518e-06,1.45047e-05,999973,999972,2.49993e+06,499986,0.00834777,0.00794449,119,119,0.236,0,0
0.499998,0.499998,0.499988,4.99992,1.24996e+06,249989,0.00584707,0.0557127,1,0.999972,9.99987,2.4999e+06,499981,9.88364e-06,2.0344e-05,999961,999961,2.4999e+06,499981,0.0116944,0.0111427,120,120,0.238,0,0
0.499997,0.499997,0.499984,4.99988,1.24994e+06,249985,0.00812829,0.0775408,1,0.999962,9.99982,2.49987e+06,499973,1.37399e-05,2.83151e-05,999946,999946,2.49987e+06,499973,0.0162571,0.0155085,121,121,0.24,0,0
0.499996,0.499996,0.499978,4.99984,1.24992e+06,249979,0.011213,0.107094,1,0.999947,9.99975,2.49982e+06,499963,1.89544e-05,3.91075e-05,999926,999926,2.49982e+06,499963,0.0224269,0.0214195,122,122,0.242,0,0
0.499995,0.499995,0.499969,4.99978,1.24989e+06,249972,0.0153499,0.146779,1,0.999928,9.99966,2.49975e+06,499949,2.59481e-05,5.36004e-05,999899,999899,2.49975e+06,499949,0.0307018,0.0293571,123,123,0.244,0,0
0.499992,0.499992,0.499959,4.99969,1.24985e+06,249962,0.0208528,0.199633,1,0.999902,9.99954,2.49966e+06,499931,3.52514e-05,7.29035e-05,999863,999862,2.49966e+06,499931,0.0417091,0.0399291,124,124,0.246,0,0
0.49999,0.49999,0.499944,4.99959,1.24979e+06,249948,0.0281126,0.269449,1,0.999868,9.99938,2.49954e+06,499907,4.75256e-05,9.84032e-05,999815,999814,2.49954e+06,499907,0.0562315,0.0538943,125,125,0.248,0,0
0.499986,0.499986,0.499926,4.99945,1.24973e+06,249931,0.0376116,0.360915,1,0.999823,9.99917,2.49938e+06,499876,6.35869e-05,0.000131813,999753,999752,2.49938e+06,499876,0.0752344,0.072191,126,126,0.25,0,0
0.499981,0.499981,0.499902,4.99926,1.24964e+06,249908,0.0499384,0.479758,1,0.999766,9.9989,2.49918e+06,499835,8.44319e-05,0.000175228,999672,999670,2.49918e+06,499835,0.0998964,0.0959658,127,127,0.252,0,0
0.499975,0.499975,0.499871,4.99902,1.24952e+06,249879,0.0658033,0.632905,1,0.999691,9.99855,2.49892e+06,499783,0.000111263,0.000231183,999568,999566,2.49892e+06,499783,0.131641,0.126606,128,128,0.254,0,0
0.499967,0.499967,0.499832,4.99872,1.24938e+06,249841,0.0860539,0.828635,1,0.999596,9.99811,2.49859e+06,499716,0.000145518,0.00030271,999435,999433,2.49859e+06,499716,0.172166,0.165769,129,129,0.256,0,0
0.499956,0.499956,0.499782,4.99833,1.24919e+06,249794,0.11169,1.07673,1,0.999476,9.99755,2.49817e+06,499632,0.000188893,0.000393394,999267,999264,2.49817e+06,499632,0.223477,0.215418,130,130,0.258,0,0
0.499942,0.499942,0.49972,4.99784,1.24896e+06,249734,0.143877,1.38862,1,0.999325,9.99684,2.49764e+06,499526,0.000243365,0.00050743,999055,999052,2.49764e+06,499526,0.287915,0.277843,131,131,0.26,0,0
0.499925,0.499925,0.499643,4.99723,1.24868e+06,249660,0.183956,1.77747,1,0.999137,9.99596,2.49698e+06,499394,0.000311219,0.000649663,998793,998788,2.49698e+06,499395,0.368176,0.355691,132,132,0.262,0,0
0.499904,0.499904,0.499549,4.99648,1.24832e+06,249568,0.233455,2.25832,1,0.998906,9.99487,2.49617e+06,499231,0.000395054,0.000825627,998468,998463,2.49617e+06,499232,0.467332,0.451983,133,133,0.264,0,0
0.499877,0.499877,0.499433,4.99555,1.24789e+06,249456,0.294086,2.84806,1,0.998622,9.99354,2.49518e+06,499032,0.000497797,0.00104157,998071,998064,2.49518e+06,499034,0.588839,0.57012,134,134,0.266,0,0
0.499845,0.499845,0.499293,4.99441,1.24737e+06,249319,0.367747,3.56546,1,0.998277,9.99192,2.49397e+06,498790,0.0006227,0.00130443,997588,997580,2.49397e+06,498793,0.736535,0.71389,135,135,0.268,0,0
0.499805,0.499805,0.499125,4.99304,1.24675e+06,249154,0.456513,4.43107,1,0.997861,9.98998,2.49252e+06,498499,0.000773331,0.00162188,997007,996997,2.49252e+06,498502,0.914626,0.887451,136,136,0.27,0,0
0.499756,0.499756,0.498925,4.99139,1.246e+06,248957,0.562619,5.4671,1,0.997364,9.98765,2.49078e+06,498150,0.000953552,0.00200222,996312,996300,2.49078e+06,498156,1.12766,1.09531,137,137,0.272,0,0
0.499698,0.499698,0.498688,4.98942,1.24511e+06,248723,0.688439,6.69717,1,0.996774,9.98488,2.48872e+06,497737,0.00116749,0.00245435,995488,995474,2.48872e+06,497746,1.3805,1.34227,138,138,0.274,0,0
0.499628,0.499628,0.498411,4.9871,1.24407e+06,248447,0.836451,8.14606,1,0.996081,9.98163,2.4863e+06,497251,0.00141948,0.0029877,994519,994502,2.4863e+06,497264,1.67824,1.63343,139,139,0.276,0,0
0.499545,0.499545,0.498088,4.98438,1.24286e+06,248126,1.00921,9.83932,1,0.995271,9.97783,2.48347e+06,496684,0.00171404,0.00361207,993388,993368,2.48347e+06,496703,2.02616,1.97403,140,140,0.278,0,0
0.499448,0.499448,0.497715,4.98121,1.24147e+06,247754,1.20929,11.8029,1,0.994333,9.97342,2.48019e+06,496027,0.00205579,0.00433757,992077,992055,2.4802e+06,496055,2.42968,2.36948,141,141,0.28,0,0
0.499335,0.499335,0.497287,4.97755,1.23986e+06,247327,1.43925,14.0625,1,0.993253,9.96835,2.47643e+06,495273,0.00244936,0.00517441,990571,990545,2.47643e+06,495312,2.8942,2.82519,142,142,0.282,0,0
0.499204,0.499204,0.4968,4.97335,1.23804e+06,246840,1.70158,16.6434,1,0.992022,9.96256,2.47213e+06,494411,0.00289935,0.00613281,988853,988823,2.47214e+06,494467,3.42508,3.34652,143,143,0.284,0,0
0.499054,0.499054,0.49625,4.96857,1.23597e+06,246290,1.99865,19.5697,1,0.990625,9.95599,2.46727e+06,493436,0.00341026,0.00722277,986907,986873,2.46727e+06,493513,4.0275,3.9387,144,144,0.286,0,0
0.498882,0.498882,0.495633,4.96317,1.23365e+06,245672,2.33264,22.8638,1,0.989054,9.94859,2.46179e+06,492340,0.00398638,0.00845399,984718,984679,2.4618e+06,492445,4.70639,4.60669,145,145,0.288,0,0
0.498688,0.498688,0.494944,4.95711,1.23107e+06,244984,2.70554,26.546,1,0.987297,9.9403,2.45568e+06,491115,0.00463171,0.00983567,982272,982229,2.4557e+06,491257,5.46635,5.35514,146,146,0.29,0,0
0.498469,0.498469,0.494182,4.95035,1.22821e+06,244223,3.11905,30.6341,1,0.985347,9.9311,2.4489e+06,489756,0.00534997,0.0113763,979560,979512,2.44892e+06,489946,6.31155,6.18828,147,147,0.292,0,0
0.498225,0.498225,0.493342,4.94285,1.22506e+06,243387,3.57459,35.1429,1,0.983195,9.92093,2.44142e+06,488258,0.00614444,0.0130839,976570,976517,2.44145e+06,488509,7.24566,7.10984,148,148,0.294,0,0
0.497954,0.497954,0.492424,4.9346,1.22161e+06,242476,4.07324,40.084,1,0.980835,9.90976,2.43324e+06,486618,0.00701799,0.0149651,973294,973236,2.43327e+06,486945,8.27181,8.12305,149,149,0.296,0,0
0.497655,0.497655,0.491425,4.92557,1.21787e+06,241489,4.61574,45.4656,1,0.978263,9.89756,2.42432e+06,484832,0.00797302,0.0170262,969728,969664,2.42436e+06,485254,9.39256,9.23052,150,150,0.298,0,0
0.497327,0.497327,0.490345,4.91574,1.21382e+06,240426,5.20248,51.2922,1,0.975475,9.88432,2.41467e+06,482899,0.00901144,0.0192722,965867,965798,2.41472e+06,483437,10.6098,10.4343,151,151,0.3,0,0
0.49697,0.49697,0.489182,4.9051,1.20946e+06,239290,5.83347,57.5649,1,0.97247,9.87003,2.40428e+06,480818,0.0101346,0.0217071,961711,961637,2.40435e+06,481498,11.925,11.7357,152,152,0.302,0,0
0.496582,0.496582,0.487937,4.89365,1.2048e+06,238081,6.5084,64.281,1,0.969247,9.85467,2.39315e+06,478590,0.0113436,0.024334,957261,957181,2.39324e+06,479441,13.3386,13.1356,153,153,0.304,0,0
0.496163,0.496163,0.48661,4.88138,1.19984e+06,236804,7.22661,71.4346,1,0.965808,9.83824,2.3813e+06,476217,0.0126386,0.0271548,952519,952434,2.3814e+06,477270,14.8509,14.6341,154,154,0.306,0,0
0.495714,0.495714,0.485202,4.86829,1.19458e+06,235461,7.98712,79.0166,1,0.962157,9.82076,2.36873e+06,473701,0.0140197,0.0301708,947492,947401,2.36886e+06,474994,16.4614,16.2309,155,155,0.308,0,0
0.495234,0.495234,0.483715,4.8544,1.18904e+06,234057,8.78866,87.0149,1,0.958296,9.80223,2.35546e+06,471045,0.0154864,0.0333821,942185,942089,2.35562e+06,472619,18.1691,17.925,156,156,0.31,0,0
0.494723,0.494723,0.482151,4.83972,1.18321e+06,232596,9.62973,95.4145,1,0.954231,9.78268,2.34152e+06,468254,0.0170379,0.0367881,936608,936507,2.34171e+06,470155,19.9724,19.7149,157,157,0.312,0,0
0.494182,0.494182,0.480511,4.82426,1.17712e+06,231084,10.5086,104.199,1,0.949968,9.76212,2.32693e+06,465333,0.0186728,0.0403874,930771,930665,2.32716e+06,467610,21.8696,21.5989,158,158,0.314,0,0
0.49361,0.49361,0.478799,4.80805,1.17076e+06,229526,11.4233,113.348,1,0.945515,9.74058,2.31171e+06,462287,0.0203897,0.0441778,924685,924574,2.31198e+06,464994,23.8581,23.5746,159,159,0.316,0,0
0.49301,0.49301,0.477017,4.79112,1.16416e+06,227927,12.3717,122.841,1,0.940879,9.7181,2.29591e+06,459124,0.0221866,0.0481569,918362,918247,2.29622e+06,462318,25.9355,25.6394,160,160,0.318,0,0
0.49238,0.49238,0.475168,4.77348,1.15733e+06,226294,13.3517,132.658,1,0.93607,9.6947,2.27954e+06,455848,0.0240616,0.0523213,911816,911696,2.27991e+06,459592,28.0988,27.7906,161,161,0.32,0,0
0.491723,0.491723,0.473254,4.75516,1.15027e+06,224632,14.3609,142.773,1,0.931095,9.67042,2.26265e+06,452468,0.0260124,0.0566675,905059,904936,2.26308e+06,456827,30.3449,30.0249,162,162,0.322,0,0
0.491038,0.491038,0.47128,4.73621,1.14301e+06,222948,15.3969,153.164,1,0.925964,9.6453,2.24527e+06,448990,0.0280365,0.0611914,898107,897980,2.24576e+06,454034,32.6705,32.339,163,163,0.324,0,0
0.490327,0.490327,0.469249,4.71664,1.13555e+06,221247,16.4575,163.807,1,0.920687,9.61937,2.22743e+06,445422,0.0301314,0.0658889,890974,890843,2.228e+06,451223,35.072,34.7296,164,164,0.326,0,0
0.489591,0.489591,0.467164,4.6965,1.12792e+06,219535,17.5401,174.677,1,0.915274,9.59269,2.20918e+06,441770,0.0322945,0.0707552,883674,883540,2.20983e+06,448405,37.546,37.1931,165,165,0.328,0,0
0.488831,0.488831,0.465028,4.67581,1.12012e+06,217818,18.6424,185.75,1,0.909734,9.56528,2.19055e+06,438043,0.034523,0.0757859,876222,876085,2.19128e+06,445590,40.0888,39.7259,166,166,0.33,0,0
0.488047,0.488047,0.462845,4.6546,1.11217e+06,216102,19.762,197.003,1,0.904077,9.5372,2.17158e+06,434246,0.0368142,0.080976,868632,868493,2.1724e+06,442788,42.6968,42.3243,167,167,0.332,0,0
0.487242,0.487242,0.460617,4.63292,1.10408e+06,214391,20.8965,208.411,1,0.898313,9.50847,2.1523e+06,430388,0.0391654,0.0863205,860918,860777,2.15322e+06,440009,45.3663,44.9847,168,168,0.334,0,0
0.486415,0.486415,0.45835,4.6108,1.09587e+06,212690,22.0438,219.951,1,0.892451,9.47915,2.13274e+06,426476,0.0415737,0.0918146,853095,852951,2.13377e+06,437261,48.0938,47.7034,169,169,0.336,0,0
0.485568,0.485568,0.456045,4.58826,1.08755e+06,211005,23.2015,231.601,1,0.886501,9.44927,2.11294e+06,422515,0.0440363,0.0974531,845175,845030,2.11409e+06,434553,50.8755,50.477,170,170,0.338,0,0
0.484702,0.484702,0.453706,4.56534,1.07914e+06,209339,24.3676,243.341,1,0.880472,9.41888,2.09293e+06,418513,0.0465506,0.103231,837173,837026,2.0942e+06,431893,53.708,53.3017,171,171,0.34,0,0
0.483818,0.483818,0.451335,4.54208,1.07064e+06,207697,25.5401,255.147,1,0.874372,9.388,2.07275e+06,414476,0.0491138,0.109143,829100,828952,2.07415e+06,429288,56.5878,56.1741,172,172,0.342,0,0
0.482917,0.482917,0.448937,4.5185,1.06207e+06,206083,26.7169,267.002,1,0.868211,9.35669,2.05242e+06,410410,0.0517232,0.115185,820970,820820,2.05396e+06,426746,59.5114,59.0908,173,173,0.344,0,0
0.482,0.482,0.446514,4.49464,1.05344e+06,204499,27.8961,278.884,1,0.861997,9.32497,2.03198e+06,406321,0.054376,0.121351,812793,812642,2.03366e+06,424272,62.4753,62.0483,174,174,0.346,0,0
0.481068,0.481068,0.444069,4.47052,1.04476e+06,202949,29.0761,290.777,1,0.855738,9.29289,2.01145e+06,402215,0.0570698,0.127636,804581,804430,2.01329e+06,421872,65.4764,65.0433,175,175,0.348,0,0
0.480123,0.480123,0.441605,4.44617,1.03604e+06,201437,30.255,302.662,1,0.849441,9.26048,1.99086e+06,398097,0.0598018,0.134035,796345,796193,1.99286e+06,419553,68.5113,68.0726,176,176,0.35,0,0
0.479165,0.479165,0.439124,4.42162,1.02729e+06,199964,31.4312,314.523,1,0.843115,9.22777,1.97024e+06,393972,0.0625696,0.140544,788095,787943,1.9724e+06,417317,71.5769,71.133,177,177,0.352,0,0
0.478194,0.478194,0.43663,4.39691,1.01853e+06,198532,32.6032,326.344,1,0.836767,9.19481,1.9496e+06,389845,0.0653704,0.147156,779842,779690,1.95194e+06,415171,74.6701,74.2213,178,178,0.354,0,0
0.477213,0.477213,0.434124,4.37205,1.00976e+06,197145,33.7695,338.11,1,0.830403,9.16163,1.92899e+06,385721,0.0682019,0.153868,771594,771442,1.9315e+06,413117,77.7876,77.3345,179,179,0.356,0,0
0.476222,0.476222,0.43161,4.34707,1.00099e+06,195803,34.9287,349.806,1,0.824031,9.12825,1.9084e+06,381605,0.0710614,0.160673,763362,763210,1.9111e+06,411159,80.9265,80.4695,180,180,0.358,0,0
0.475221,0.475221,0.42909,4.322,992238,194508,36.0795,361.42,1,0.817658,9.09471,1.88788e+06,377501,0.0739464,0.167566,755153,755002,1.89077e+06,409300,84.0839,83.6233,181,181,0.36,0,0
0.474213,0.474213,0.426566,4.29686,983502,193261,37.2207,372.937,1,0.811289,9.06105,1.86744e+06,373413,0.0768544,0.174543,746977,746826,1.87053e+06,407541,87.2566,86.7928,182,182,0.362,0,0
0.473197,0.473197,0.424041,4.27169,974794,192064,38.351,384.346,1,0.804932,9.0273,1.8471e+06,369345,0.0797827,0.181598,738841,738691,1.85039e+06,405886,90.4417,89.9752,183,183,0.364,0,0
0.472175,0.472175,0.421517,4.24649,966123,190917,39.4693,395.635,1,0.798592,8.99348,1.82688e+06,365302,0.082729,0.188724,730753,730604,1.83038e+06,404335,93.6363,93.1675,184,184,0.366,0,0
0.471147,0.471147,0.418997,4.22131,957498,189820,40.5746,406.794,1,0.792276,8.95964,1.8068e+06,361286,0.0856904,0.195917,722721,722573,1.81052e+06,402889,96.8374,96.3668,185,185,0.368,0,0
0.470115,0.470115,0.416484,4.19615,948925,188774,41.6659,417.811,1,0.785989,8.9258,1.78688e+06,357303,0.0886643,0.203169,714753,714605,1.79081e+06,401549,100.042,99.5699,186,186,0.37,0,0
0.46908,0.46908,0.413978,4.17106,940414,187780,42.7421,428.676,1,0.779738,8.89199,1.76714e+06,353354,0.0916481,0.210476,706854,706708,1.77129e+06,400315,103.247,102.774,187,187,0.372,0,0
0.468042,0.468042,0.411484,4.14604,931972,186836,43.8024,439.381,1,0.773527,8.85826,1.74758e+06,349444,0.0946389,0.21783,699033,698888,1.75197e+06,399187,106.45,105.976,188,188,0.374,0,0
0.467002,0.467002,0.409003,4.12112,923606,185944,44.8459,449.915,1,0.767364,8.82462,1.72824e+06,345576,0.0976338,0.225224,691296,691153,1.73285e+06,398166,109.647,109.173,189,189,0.376,0,0
0.465962,0.465962,0.406538,4.09633,915325,185103,45.8717,460.27,1,0.761253,8.79112,1.70912e+06,341754,0.10063,0.232652,683650,683508,1.71397e+06,397249,112.835,112.362,190,190,0.378,0,0
0.464922,0.464922,0.404091,4.07169,907135,184312,46.8791,470.438,1,0.755201,8.75779,1.69025e+06,337981,0.103624,0.240106,676101,675961,1.69533e+06,396435,116.011,115.539,191,191,0.38,0,0
0.463884,0.463884,0.401665,4.04723,899045,183570,47.8672,480.41,1,0.749213,8.72465,1.67164e+06,334259,0.106613,0.247577,668656,668518,1.67696e+06,395724,119.172,118.701,192,192,0.382,0,0
0.462848,0.462848,0.399262,4.02297,891062,182877,48.8354,490.179,1,0.743295,8.69176,1.6533e+06,330593,0.109594,0.255058,661322,661186,1.65886e+06,395113,122.314,121.845,193,193,0.384,0,0
0.461816,0.461816,0.396885,3.99893,883193,182232,49.783,499.737,1,0.737452,8.65914,1.63526e+06,326985,0.112563,0.26254,654104,653970,1.64106e+06,394600,125.434,124.968,194,194,0.386,0,0
0.460789,0.460789,0.394536,3.97515,875446,181635,50.7093,509.078,1,0.731691,8.62684,1.61752e+06,323439,0.115517,0.270013,647010,646878,1.62357e+06,394182,128.529,128.065,195,195,0.388,0,0
0.459767,0.459767,0.392219,3.95164,867830,181082,51.6135,518.194,1,0.726018,8.59488,1.60011e+06,319958,0.118451,0.277468,640045,639915,1.6064e+06,393857,131.594,131.134,196,196,0.39,0,0
0.458752,0.458752,0.389935,3.92844,860351,180575,52.4952,527.078,1,0.720438,8.56331,1.58304e+06,316545,0.121363,0.284894,633216,633089,1.58957e+06,393621,134.625,134.17,197,197,0.392,0,0
0.457746,0.457746,0.387689,3.90557,853017,180110,53.3538,535.724,1,0.714958,8.53216,1.56633e+06,313203,0.124247,0.29228,626530,626405,1.5731e+06,393471,137.62,137.169,198,198,0.394,0,0
0.45675,0.45675,0.385481,3.88305,845837,179687,54.1885,544.127,1,0.709584,8.50149,1.54998e+06,309935,0.127101,0.299615,619993,619871,1.55699e+06,393403,140.574,140.129,199,199,0.396,0,0
0.455764,0.455764,0.383317,3.86093,838818,179303,54.999,552.279,1,0.704321,8.47133,1.53403e+06,306746,0.129919,0.306887,613610,613491,1.54128e+06,393413,143.482,143.043,200,200,0.398,0,0
0.454791,0.454791,0.381197,3.83922,831968,178958,55.7846,560.176,1,0.699176,8.44172,1.51847e+06,303637,0.132697,0.314083,607390,607273,1.52596e+06,393496,146.341,145.909,201,201,0.4,0,0
0.453831,0.453831,0.379126,3.81795,825295,178650,56.545,567.811,1,0.694156,8.41271,1.50334e+06,300612,0.13543,0.321191,601337,601223,1.51106e+06,393648,149.146,148.721,202,202,0.402,0,0
0.452887,0.452887,0.377106,3.79716,818807,178376,57.2795,575.181,1,0.689266,8.38433,1.48865e+06,297674,0.138115,0.328196,595458,595348,1.4966e+06,393864,151.892,151.477,203,203,0.404,0,0
0.45196,0.45196,0.37514,3.77687,812512,178135,57.9878,582.279,1,0.684513,8.35664,1.4744e+06,294826,0.140745,0.335086,589760,589653,1.48258e+06,394138,154.576,154.17,204,204,0.406,0,0
0.451051,0.451051,0.373232,3.75711,806417,177924,58.6695,589.102,1,0.679902,8.32968,1.46062e+06,292072,0.143316,0.341846,584248,584144,1.46902e+06,394465,157.193,156.797,205,205,0.408,0,0
0.450161,0.450161,0.371383,3.73791,800530,177742,59.3242,595.646,1,0.675441,8.30349,1.44732e+06,289414,0.145823,0.348461,578928,578827,1.45594e+06,394840,159.739,159.353,206,206,0.41,0,0
0.449294,0.449294,0.369598,3.71931,794858,177586,59.9516,601.908,1,0.671134,8.27812,1.43451e+06,286854,0.148262,0.354918,573806,573709,1.44334e+06,395256,162.208,161.833,207,207,0.412,0,0
0.448449,0.448449,0.367878,3.70132,789408,177455,60.5514,607.884,1,0.666987,8.2536,1.42222e+06,284397,0.150627,0.3612,568886,568793,1.43125e+06,395709,164.597,164.234,208,208,0.414,0,0
0.447629,0.447629,0.366225,3.68397,784187,177346,61.1234,613.572,1,0.663006,8.22997,1.41044e+06,282043,0.152914,0.367295,564175,564086,1.41967e+06,396190,166.901,166.552,209,209,0.416,0,0
0.446834,0.446834,0.364644,3.66729,779199,177257,61.6674,618.97,1,0.659195,8.20728,1.39919e+06,279795,0.155118,0.373188,559677,559591,1.40862e+06,396696,169.117,168.781,210,210,0.418,0,0
0.446068,0.446068,0.363135,3.65131,774450,177187,62.1833,624.078,1,0.655558,8.18555,1.38848e+06,277656,0.157234,0.378865,555394,555312,1.3981e+06,397219,171.24,170.919,211,211,0.42,0,0
0.445331,0.445331,0.3617,3.63604,769945,177132,62.6711,628.895,1,0.6521,8.16482,1.37833e+06,275626,0.15926,0.384314,551331,551253,1.38812e+06,397754,173.268,172.961,212,212,0.422,0,0
0.444624,0.444624,0.360341,3.62151,765686,177092,63.1308,633.423,1,0.648824,8.14511,1.36872e+06,273708,0.16119,0.389523,547489,547415,1.37868e+06,398295,175.197,174.906,213,213,0.424,0,0
0.443949,0.443949,0.359059,3.60772,761677,177063,63.5626,637.662,1,0.645731,8.12644,1.35968e+06,271901,0.163023,0.394482,543871,543801,1.3698e+06,398837,177.025,176.749,214,214,0.426,0,0
0.443307,0.443307,0.357856,3.5947,757917,177045,63.9665,641.617,1,0.642823,8.10884,1.35119e+06,270206,0.164755,0.399181,540477,540411,1.36146e+06,399374,178.75,178.49,215,215,0.428,0,0
0.442698,0.442698,0.35673,3.58245,754408,177035,64.3431,645.29,1,0.640102,8.0923,1.34327e+06,268623,0.166384,0.403612,537307,537245,1.35368e+06,399901,180.369,180.125,216,216,0.43,0,0
0.442125,0.442125,0.355683,3.57097,751147,177033,64.6927,648.687,1,0.637567,8.07684,1.3359e+06,267150,0.167909,0.407771,534358,534301,1.34644e+06,400414,181.883,181.656,217,217,0.432,0,0
0.441586,0.441586,0.354713,3.56027,748132,177035,65.0157,651.814,1,0.635215,8.06245,1.32907e+06,265788,0.16933,0.411653,531629,531576,1.33974e+06,400908,183.291,183.08,218,218,0.434,0,0
0.441083,0.441083,0.35382,3.55033,745358,177042,65.3129,654.678,1,0.633045,8.04911,1.32279e+06,264533,0.170646,0.415257,529116,529067,1.33358e+06,401381,184.594,184.399,219,219,0.436,0,0
0.440616,0.440616,0.353001,3.54115,742820,177052,65.5851,657.288,1,0.631054,8.03682,1.31703e+06,263384,0.171858,0.418584,526814,526768,1.32793e+06,401829,185.793,185.614,220,220,0.438,0,0
0.440185,0.440185,0.352256,3.53272,740511,177064,65.8329,659.654,1,0.629236,8.02554,1.31179e+06,262337,0.172968,0.421637,524716,524674,1.32278e+06,402250,186.89,186.727,221,221,0.44,0,0
0.439789,0.439789,0.351581,3.52502,738422,177077,66.0575,661.785,1,0.627586,8.01524,1.30704e+06,261388,0.173979,0.42442,522815,522777,1.31811e+06,402642,187.887,187.74,222,222,0.442,0,0
0.439428,0.439428,0.350973,3.51801,736544,177091,66.2599,663.694,1,0.626098,8.00589,1.30276e+06,260534,0.174893,0.426941,521103,521068,1.31391e+06,403003,188.789,188.656,223,223,0.444,0,0
0.4391,0.4391,0.35043,3.51168,734865,177104,66.4412,665.393,1,0.624764,7.99744,1.29892e+06,259770,0.175715,0.429209,519570,519539,1.31015e+06,403334,189.599,189.48,224,224,0.446,0,0
0.438805,0.438805,0.349948,3.50598,733375,177117,66.6027,666.894,1,0.623576,7.98983,1.29552e+06,259090,0.176448,0.431237,518207,518179,1.30681e+06,403634,190.322,190.216,225,225,0.448,0,0
0.438542,0.438542,0.349523,3.50089,732061,177129,66.7458,668.212,1,0.622527,7.98302,1.29251e+06,258489,0.177099,0.433035,517002,516978,1.30386e+06,403904,190.962,190.869,226,226,0.45,0,0
0.438308,0.438308,0.349151,3.49636,730909,177139,66.8717,669.36,1,0.621607,7.97695,1.28986e+06,257962,0.177673,0.434619,515945,515923,1.30126e+06,404144,191.526,191.445,227,227,0.452,0,0
0.438102,0.438102,0.34883,3.49236,729907,177149,66.9821,670.353,1,0.620807,7.97156,1.28756e+06,257502,0.178175,0.436003,515023,515005,1.299e+06,404355,192.019,191.948,228,228,0.454,0,0
0.437923,0.437923,0.348554,3.48884,729041,177157,67.0783,671.203,1,0.620118,7.96679,1.28556e+06,257105,0.178611,0.437204,514226,514210,1.29705e+06,404539,192.447,192.386,229,229,0.456,0,0
0.437768,0.437768,0.348321,3.48576,728298,177164,67.1618,671.926,1,0.619533,7.96257,1.28385e+06,256763,0.178988,0.438236,513541,513527,1.29537e+06,404698,192.816,192.763,230,230,0.458,0,0
0.437635,0.437635,0.348128,3.48307,727664,177170,67.2343,672.533,1,0.619043,7.95885,1.28239e+06,256472,0.179311,0.439117,512957,512944,1.29394e+06,404834,193.131,193.086,231,231,0.46,0,0
0.437523,0.437523,0.347972,3.48074,727128,177174,67.2972,673.038,1,0.618642,7.95557,1.28116e+06,256226,0.179588,0.439862,512462,512452,1.29272e+06,404949,193.398,193.361,232,232,0.462,0,0
0.437428,0.437428,0.34785,3.47873,726678,177178,67.352,673.454,1,0.618322,7.95267,1.28012e+06,256019,0.179824,0.440486,512047,512038,1.29171e+06,405044,193.623,193.592,233,233,0.464,0,0
0.437351,0.437351,0.347762,3.47698,726302,177180,67.4004,673.79,1,0.61808,7.95011,1.27925e+06,255847,0.180024,0.441004,511701,511693,1.29086e+06,405122,193.812,193.786,234,234,0.466,0,0
0.437287,0.437287,0.347706,3.47548,725990,177182,67.444,674.058,1,0.617911,7.94782,1.27854e+06,255704,0.180195,0.44143,511415,511409,1.29016e+06,405184,193.968,193.947,235,235,0.468,0,0
0.437237,0.437237,0.347683,3.47418,725733,177183,67.4842,674.267,1,0.617814,7.94576,1.27795e+06,255588,0.180342,0.441776,511180,511175,1.28959e+06,405233,194.097,194.079,236,236,0.47,0,0
0.437197,0.437197,0.347693,3.47306,725522,177183,67.5228,674.425,1,0.617789,7.94391,1.27747e+06,255493,0.18047,0.442053,510989,510985,1.28912e+06,405271,194.202,194.188,237,237,0.472,0,0
0.437168,0.437168,0.347739,3.47208,725350,177183,67.5613,674.542,1,0.617838,7.94221,1.27709e+06,255416,0.180583,0.442273,510836,510832,1.28875e+06,405298,194.288,194.276,238,238,0.474,0,0
0.437146,0.437146,0.347823,3.47122,725211,177183,67.6017,674.622,1,0.617964,7.94064,1.27678e+06,255355,0.180688,0.442444,510712,510710,1.28845e+06,405317,194.356,194.347,239,239,0.476,0,0
0.437132,0.437132,0.347951,3.47046,725098,177182,67.6457,674.673,1,0.618175,7.93917,1.27654e+06,255306,0.180787,0.442575,510615,510613,1.28822e+06,405329,194.412,194.404,240,240,0.478,0,0
0.437123,0.437123,0.348128,3.46979,725007,177181,67.6955,674.7,1,0.618481,7.93778,1.27635e+06,255268,0.180886,0.442673,510538,510536,1.28804e+06,405335,194.455,194.45,241,241,0.48,0,0
0.43712,0.43712,0.348362,3.46919,724934,177180,67.7531,674.708,1,0.618893,7.93647,1.2762e+06,255239,0.180989,0.442744,510478,510477,1.2879e+06,405336,194.49,194.486,242,242,0.482,0,0
0.437121,0.437121,0.348662,3.46865,724876,177180,67.8209,674.702,1,0.619426,7.93523,1.27608e+06,255216,0.181101,0.442794,510432,510431,1.2878e+06,405333,194.518,194.514,243,243,0.484,0,0
0.437125,0.437125,0.34904,3.46817,724829,177179,67.9018,674.686,1,0.620101,7.93405,1.27599e+06,255198,0.181226,0.442827,510397,510396,1.28773e+06,405328,194.539,194.537,244,244,0.486,0,0
0.437132,0.437132,0.349507,3.46776,724792,177179,67.9986,674.666,1,0.62094,7.93297,1.27593e+06,255185,0.181369,0.442848,510370,510370,1.28768e+06,405321,194.556,194.554,245,245,0.488,0,0
0.437142,0.437142,0.35008,3.46741,724763,177180,68.1148,674.647,1,0.621969,7.93201,1.27588e+06,255175,0.181535,0.442862,510350,510350,1.28765e+06,405315,194.569,194.568,246,246,0.49,0,0
0.437154,0.437154,0.350776,3.46716,724741,177183,68.254,674.636,1,0.623219,7.93121,1.27584e+06,255168,0.18173,0.44287,510336,510335,1.28764e+06,405309,194.58,194.579,247,247,0.492,0,0
0.437168,0.437168,0.351616,3.46703,724724,177187,68.4204,674.64,1,0.624727,7.93065,1.27581e+06,255162,0.181959,0.442879,510325,510324,1.28764e+06,405306,194.588,194.587,248,248,0.494,0,0
0.437184,0.437184,0.352623,3.46705,724713,177195,68.6187,674.669,1,0.626533,7.93042,1.27579e+06,255158,0.18223,0.442892,510317,510317,1.28765e+06,405309,194.595,194.594,249,249,0.496,0,0
0.437201,0.437201,0.353822,3.46729,724706,177206,68.8541,674.736,1,0.628684,7.93066,1.27578e+06,255156,0.182549,0.442915,510311,510311,1.28768e+06,405320,194.601,194.6,250,250,0.498,0,0
0.437219,0.437219,0.355244,3.46783,724704,177223,69.1324,674.857,1,0.63123,7.93155,1.27577e+06,255154,0.182923,0.442952,510307,510307,1.28772e+06,405342,194.605,194.605,251,251,0.5,0,0
0.437239,0.437239,0.35692,3.46875,724708,177248,69.4599,675.051,1,0.63423,7.9333,1.27576e+06,255152,0.183362,0.443012,510305,510305,1.28777e+06,405380,194.609,194.609,252,252,0.502,0,0
0.43726,0.43726,0.358885,3.47019,724716,177283,69.8438,675.344,1,0.637746,7.93622,1.27576e+06,255151,0.183873,0.443102,510303,510303,1.28783e+06,405440,194.613,194.613,253,253,0.504,0,0
0.437282,0.437282,0.361181,3.47231,724730,177331,70.2917,675.767,1,0.64185,7.94066,1.27575e+06,255151,0.184467,0.443234,510302,510302,1.28791e+06,405529,194.616,194.616,254,254,0.506,0,0
0.437305,0.437305,0.363848,3.47529,724751,177395,70.812,676.36,1,0.646617,7.94707,1.27575e+06,255151,0.185154,0.443421,510301,510301,1.288e+06,405655,194.62,194.62,255,255,0.508,0,0
0.437329,0.437329,0.366935,3.4794,724778,177481,71.4139,677.169,1,0.652131,7.95602,1.27575e+06,255150,0.185945,0.443677,510301,510301,1.2881e+06,405829,194.623,194.623,256,256,0.51,0,0
0.437355,0.437355,0.370492,3.48491,724813,177594,72.1072,678.251,1,0.658482,7.96815,1.27575e+06,255150,0.186851,0.444022,510301,510301,1.28822e+06,406063,194.625,194.625,257,257,0.512,0,0
0.437382,0.437382,0.374572,3.49217,724856,177740,72.9023,679.675,1,0.665767,7.98425,1.27575e+06,255151,0.187884,0.444477,510301,510301,1.28836e+06,406373,194.628,194.628,258,258,0.514,0,0
0.437412,0.437412,0.379234,3.50159,724906,177928,73.8106,681.519,1,0.674088,8.00524,1.27575e+06,255151,0.189057,0.445067,510301,510301,1.28852e+06,406775,194.631,194.631,259,259,0.516,0,0
0.437448,0.437448,0.384536,3.51366,724962,178168,74.8438,683.878,1,0.683557,8.03219,1.27575e+06,255151,0.190383,0.445822,510302,510302,1.2887e+06,407290,194.634,194.634,260,260,0.518,0,0
0.437492,0.437492,0.390543,3.52894,725021,178471,76.0141,686.861,1,0.694289,8.06629,1.27576e+06,255151,0.191874,0.446774,510302,510302,1.28891e+06,407941,194.637,194.637,261,261,0.52,0,0
0.437551,0.437551,0.397318,3.54806,725074,178850,77.3337,690.593,1,0.706407,8.1089,1.27576e+06,255151,0.193544,0.447958,510303,510303,1.28914e+06,408753,194.64,194.64,262,262,0.522,0,0
0.437639,0.437639,0.404922,3.57179,725107,179324,78.8149,695.222,1,0.720039,8.1615,1.27576e+06,255152,0.195406,0.449415,510304,510304,1.2894e+06,409754,194.642,194.642,263,263,0.524,0,0
0.437775,0.437775,0.413414,3.60101,725096,179915,80.4691,700.919,1,0.735318,8.22571,1.27576e+06,255152,0.197471,0.451185,510305,510304,1.28969e+06,410975,194.645,194.645,264,264,0.526,0,0
0.437991,0.437991,0.422845,3.63673,725001,180649,82.306,707.884,1,0.752381,8.30322,1.27576e+06,255153,0.199751,0.453313,510305,510305,1.29002e+06,412448,194.648,194.648,265,265,0.528,0,0
0.438335,0.438335,0.433252,3.68018,724761,181562,84.3329,716.351,1,0.771371,8.39583,1.27577e+06,255153,0.202259,0.45584,510307,510306,1.29038e+06,414208,194.651,194.651,266,266,0.53,0,0
0.438877,0.438877,0.444652,3.73278,724288,182699,86.5532,726.601,1,0.792432,8.50531,1.27577e+06,255154,0.205005,0.458809,510308,510308,1.29078e+06,416288,194.654,194.654,267,267,0.532,0,0
0.439713,0.439713,0.457035,3.79622,723457,184117,88.9649,738.961,1,0.815716,8.63341,1.27577e+06,255154,0.207998,0.462257,510309,510309,1.29123e+06,418720,194.657,194.657,268,268,0.534,0,0
0.440971,0.440971,0.470353,3.87248,722107,185885,91.5588,753.816,1,0.841376,8.7817,1.27578e+06,255155,0.211247,0.466216,510310,510310,1.29172e+06,421535,194.66,194.66,269,269,0.536,0,0
0.44281,0.44281,0.484518,3.96383,720032,188088,94.3175,771.61,1,0.869575,8.95153,1.27578e+06,255156,0.21476,0.470709,510312,510312,1.29226e+06,424759,194.663,194.663,270,270,0.538,0,0
0.445418,0.445418,0.499392,4.07283,716989,190821,97.2143,792.84,1,0.900483,9.14384,1.27578e+06,255157,0.218547,0.475745,510314,510314,1.29285e+06,428408,194.665,194.666,271,271,0.54,0,0
0.449005,0.449005,0.514786,4.20225,712709,194191,100.213,818.045,1,0.934284,9.35903,1.27579e+06,255158,0.222613,0.481317,510316,510316,1.29349e+06,432492,194.668,194.669,272,272,0.542,0,0
0.453784,0.453784,0.530471,4.3549,706911,198306,103.268,847.774,1,0.971175,9.59684,1.2758e+06,255159,0.226969,0.4874,510318,510318,1.2942e+06,437005,194.671,194.671,273,273,0.544,0,0
0.459959,0.459959,0.546185,4.53345,699336,203268,106.328,882.546,1,1.01138,9.85621,1.2758e+06,255160,0.231622,0.493948,510321,510321,1.29497e+06,441926,194.674,194.674,274,274,0.546,0,0
0.467687,0.467687,0.561657,4.74011,689773,209159,109.342,922.793,1,1.05513,10.1352,1.27581e+06,255162,0.236581,0.500897,510324,510323,1.2958e+06,447221,194.677,194.677,275,275,0.548,0,0
0.477063,0.477063,0.576636,4.97631,678099,216031,112.26,968.791,1,1.10269,10.4311,1.27582e+06,255163,0.241858,0.508163,510327,510327,1.29671e+06,452836,194.68,194.68,276,276,0.55,0,0
0.488087,0.488087,0.590923,5.2423,664310,223888,115.043,1020.59,1,1.15434,10.7405,1.27583e+06,255165,0.24746,0.51565,510330,510330,1.2977e+06,458706,194.683,194.683,277,277,0.552,0,0
0.500648,0.500648,0.604403,5.53682,648545,232679,117.669,1077.94,1,1.21038,11.0593,1.27584e+06,255167,0.253398,0.523253,510334,510334,1.29877e+06,464756,194.686,194.686,278,278,0.554,0,0
0.514521,0.514521,0.617079,5.85695,631092,242290,120.138,1140.28,1,1.27107,11.3833,1.27585e+06,255169,0.259677,0.530868,510338,510338,1.29993e+06,470905,194.689,194.689,279,279,0.556,0,0
0.52937,0.52937,0.629078,6.19798,612380,252547,122.476,1206.7,1,1.33667,11.7082,1.27586e+06,255171,0.266296,0.538397,510343,510343,1.30119e+06,477072,194.692,194.692,280,280,0.558,0,0
0.544775,0.544775,0.640661,6.55366,592951,263224,124.733,1275.96,1,1.40735,12.03,1.27587e+06,255174,0.273249,0.54575,510348,510348,1.30254e+06,483180,194.695,194.695,281,281,0.56,0,0
0.560265,0.560265,0.652197,6.9165,573412,274060,126.981,1346.63,1,1.48316,12.345,1.27588e+06,255177,0.280514,0.552855,510354,510354,1.304e+06,489160,194.698,194.698,282,282,0.562,0,0
0.575362,0.575362,0.664128,7.2784,554384,284777,129.306,1417.11,1,1.56399,12.6501,1.2759e+06,255180,0.288059,0.55965,510360,510360,1.30554e+06,494953,194.701,194.701,283,283,0.564,0,0
0.589621,0.589621,0.676917,7.63126,536440,295110,131.798,1485.83,1,1.64949,12.9426,1.27592e+06,255183,0.295831,0.566088,510366,510366,1.30718e+06,500508,194.703,194.704,284,284,0.566,0,0
0.602675,0.602675,0.690982,7.96767,520058,304824,134.539,1551.36,1,1.73909,13.2205,1.27593e+06,255187,0.303761,0.572137,510373,510373,1.3089e+06,505785,194.706,194.707,285,285,0.568,0,0
0.614259,0.614259,0.706642,8.28145,505582,313735,137.59,1612.48,1,1.83191,13.482,1.27595e+06,255190,0.311764,0.577772,510381,510380,1.31068e+06,510754,194.709,194.709,286,286,0.57,0,0
0.624223,0.624223,0.724061,8.56806,493206,321717,140.983,1668.3,1,1.92684,13.726,1.27597e+06,255194,0.319742,0.582979,510388,510388,1.3125e+06,515389,194.712,194.712,287,287,0.572,0,0
0.632534,0.632534,0.743226,8.82474,482972,328711,144.717,1718.31,1,2.02257,13.9514,1.27599e+06,255198,0.327591,0.587751,510395,510395,1.31433e+06,519673,194.714,194.715,288,288,0.574,0,0
0.639257,0.639257,0.763939,9.0505,474792,334712,148.752,1762.28,1,2.11768,14.1578,1.276e+06,255201,0.335207,0.592086,510402,510402,1.31615e+06,523595,194.717,194.717,289,289,0.576,0,0
0.644535,0.644535,0.785841,9.24582,468477,339767,153.018,1800.33,1,2.21074,14.3449,1.27602e+06,255204,0.342494,0.595988,510407,510407,1.31793e+06,527150,194.718,194.718,290,290,0.578,0,0
0.64856,0.64856,0.808452,9.41242,463772,343954,157.421,1832.78,1,2.3004,14.5128,1.27602e+06,255205,0.349371,0.599465,510409,510409,1.31963e+06,530335,194.719,194.719,291,291,0.58,0,0
0.651545,0.651545,0.83123,9.55274,460392,347374,161.856,1860.09,1,2.38547,14.6617,1.27602e+06,255203,0.355772,0.602531,510407,510407,1.32124e+06,533153,194.718,194.718,292,292,0.582,0,0
0.6537,0.6537,0.853628,9.66966,458056,350129,166.214,1882.82,1,2.465,14.7922,1.27599e+06,255198,0.361652,0.605203,510395,510395,1.32272e+06,535612,194.715,194.715,293,293,0.584,0,0
0.655218,0.655218,0.875143,9.76615,456503,352322,170.397,1901.53,1,2.53825,14.9052,1.27592e+06,255184,0.366981,0.6075,510368,510369,1.32403e+06,537716,194.707,194.706,294,294,0.586,0,0
0.656261,0.656261,0.895353,9.84501,455507,354035,174.318,1916.73,1,2.60475,15.0017,1.27579e+06,255158,0.371748,0.609444,510315,510317,1.32515e+06,539473,194.692,194.691,295,295,0.588,0,0
0.656959,0.656959,0.913939,9.90876,454884,355336,177.912,1928.86,1,2.66422,15.0828,1.27555e+06,255112,0.37595,0.611057,510221,510224,1.32603e+06,540881,194.665,194.662,296,296,0.59,0,0
0.657404,0.657404,0.930688,9.95949,454485,356264,181.129,1938.25,1,2.71658,15.1497,1.27515e+06,255031,0.379596,0.612356,510058,510063,1.32659e+06,541926,194.619,194.614,297,297,0.592,0,0
0.657661,0.657661,0.945481,9.99879,454190,356827,183.934,1945.09,1,2.76183,15.2036,1.27446e+06,254896,0.382693,0.61335,509785,509792,1.32673e+06,542570,194.541,194.533,298,298,0.594,0,0
0.657762,0.657762,0.958274,10.0277,453894,356993,186.3,1949.37,1,2.80002,15.2452,1.27334e+06,254673,0.385246,0.614035,509334,509346,1.32625e+06,542739,194.412,194.399,299,299,0.596,0,0
0.657712,0.657712,0.969073,10.0465,453494,356673,188.197,1950.85,1,2.83116,15.275,1.2715e+06,254310,0.387244,0.614387,508600,508619,1.32489e+06,542293,194.203,194.182,300,300,0.598,0,0
0.657486,0.657486,0.977897,10.0547,452869,355702,189.58,1948.93,1,2.85506,15.2927,1.26854e+06,253724,0.388652,0.614343,507416,507447,1.32219e+06,541003,193.865,193.832,301,301,0.6,0,0
0.657026,0.657026,0.984745,10.0506,451857,353800,190.375,1942.49,1,2.87119,15.2971,1.26381e+06,252787,0.389387,0.613788,505524,505574,1.31747e+06,538488,193.324,193.271,302,302,0.602,0,0
0.656222,0.656222,0.989543,10.0305,450219,350522,190.45,1929.66,1,2.87844,15.2852,1.25631e+06,251301,0.389298,0.61252,502524,502602,1.30962e+06,534151,192.463,192.379,303,303,0.604,0,0
0.654897,0.654897,0.99209,9.98841,447598,345175,189.588,1907.46,1,2.87477,15.2519,1.24451e+06,248963,0.388122,0.610206,497802,497926,1.297e+06,527068,191.099,190.967,304,304,0.606,0,0
0.652768,0.652768,0.991972,9.91455,443446,336730,187.434,1871.29,1,2.8568,15.1885,1.22609e+06,245315,0.38542,0.606301,490437,490630,1.27709e+06,515849,188.951,188.742,305,305,0.608,0,0
0.649387,0.649387,0.988441,9.79379,436942,323706,183.439,1814.34,1,2.81918,15.0816,1.19768e+06,239687,0.380485,0.59992,479071,479373,1.24623e+06,498479,185.584,185.254,306,306,0.61,0,0
0.644057,0.644057,0.98025,9.60371,426867,304122,176.774,1726.89,1,2.75395,14.9113,1.15448e+06,231130,0.372197,0.589631,461791,462260,1.19926e+06,472197,180.336,179.815,307,307,0.612,0,0
0.635698,0.635698,0.965415,9.31284,411481,275633,166.266,1596.23,1,2.65004,14.6498,1.0902e+06,218399,0.358812,0.573095,436081,436799,1.1295e+06,433591,172.222,171.4,308,308,0.614,0,0
0.622679,0.622679,0.940919,8.88104,388457,236184,150.389,1407.95,1,2.49368,14.2626,997661,200070,0.337675,0.546459,399065,400140,1.02951e+06,379303,159.832,158.535,309,309,0.616,0,0
0.60271,0.60271,0.902449,8.26692,355089,185649,127.534,1151.39,1,2.27151,13.7163,871093,174989,0.304955,0.503403,348437,349979,893776,308024,141.32,139.277,310,310,0.618,0,0
0.573391,0.573391,0.844327,7.45478,309172,128655,96.9416,832.376,1,1.97916,13.0012,711673,143331,0.255862,0.434142,284669,286662,724718,224376,114.815,111.657,311,311,0.62,0,0
0.535625,0.535625,0.761184,6.51709,251635,76631.8,61.0276,492.858,1,1.63916,12.1673,536611,108276,0.187251,0.327282,214644,216553,541879,143070,80.1746,75.6254,312,312,0.622,0,0
0.504563,0.504563,0.653691,5.70812,190843,43042,28.0354,216.279,1,1.31942,11.313,383988,77185,0.106236,0.18727,153595,154370,385202,85305.6,42.8879,37.8898,313,313,0.624,0,0
0.497663,0.497663,0.557341,5.24817,146944,29482.4,8.50354,64.1615,1,1.1095,10.5456,292392,58453.5,0.0397159,0.0670381,116957,116907,292522,59241.6,15.2573,12.2255,314,314,0.626,0,0
0.4994,0.4994,0.513112,5.05512,129635,25870.9,1.75063,12.8312,1,1.02499,10.1224,258953,51771.4,0.00907063,0.0144896,103581,103543,258959,51804,3.41179,2.53825,315,315,0.628,0,0
0.499859,0.499859,0.50219,5.00728,125740,25131.7,0.275293,1.98939,1,1.0041,10.0174,251410,50276.9,0.00146396,0.00228948,100564,100554,251410,50277.7,0.548185,0.3973,316,316,0.63,0,0
0.499988,0.499988,0.500283,5.0012,125097,25017.9,0.0369684,0.261408,1,1.00054,10.0026,250188,50037,0.000197472,0.000301704,100075,100074,250188,50037,0.0738951,0.0522691,317,317,0.632,0,0
0.499996,0.499996,0.500036,5.00011,125012,25002,0.00443645,0.0314832,1,1.00006,10.0003,250023,50004.4,2.37118e-05,3.63518e-05,100009,100009,250023,50004.4,0.00887226,0.00629651,318,318,0.634,0,0
0.5,0.5,0.500003,5.00002,125001,25000.3,0.000514887,0.00352343,1,1.00001,10,250003,50000.5,2.75216e-06,4.06848e-06,100001,100001,250003,50000.5,0.00102977,0.000704684,319,319,0.636,0,0
0.5,0.5,0.500001,5,125000,25000,5.01721e-05,0.000361219,1,1,10,250000,50000.1,2.68181e-07,4.17099e-07,100000,100000,250000,50000.1,0.000100344,7.22437e-05,320,320,0.638,0,0
0.5,0.5,0.5,5,125000,25000,5.63123e-06,3.3826e-05,1,1,10,250000,50000,3.01002e-08,3.90589e-08,100000,100000,250000,50000,1.12625e-05,6.76521e-06,321,321,0.64,0,0
0.5,0.5,0.5,5,125000,25000,2.05473e-07,2.28943e-06,1,1,10,250000,50000,1.0983e-09,2.64361e-09,100000,100000,250000,50000,4.10946e-07,4.57887e-07,322,322,0.642,0,0
0.5,0.5,0.5,5,125000,25000,4.64502e-08,-1.18744e-09,1,1,10,250000,50000,2.48287e-10,1.37114e-12,100000,100000,250000,50000,9.29004e-08,-2.37488e-10,323,323,0.644,0,0
0.5,0.5,0.5,5,125000,25000,-1.31835e-08,-2.81491e-08,1,1,10,250000,50000,7.04686e-11,3.25038e-11,100000,100000,250000,50000,-2.63669e-08,-5.62983e-09,324,324,0.646,0,0
0.5,0.5,0.5,5,125000,25000,2.36956e-10,-1.32004e-08,1,1,10,250000,50000,1.26659e-12,1.52425e-11,100000,100000,250000,50000,4.73913e-10,-2.64008e-09,325,325,0.648,0,0
0.5,0.5,0.5,5,125000,25000,-3.44526e-10,-1.35031e-09,1,1,10,250000,50000,1.84157e-12,1.55921e-12,100000,100000,250000,50000,-6.89053e-10,-2.70063e-10,326,326,0.65,0,0
0.5,0.5,0.5,5,125000,25000,-2.06133e-10,-4.76544e-10,1,1,10,250000,50000,1.10183e-12,5.50266e-13,100000,100000,250000,50000,-4.12266e-10,-9.53088e-11,327,327,0.652,0,0
0.5,0.5,0.5,5,125000,25000,1.59578e-10,-2.57378e-10,1,1,10,250000,50000,8.52982e-13,2.97194e-13,100000,100000,250000,50000,3.19157e-10,-5.14756e-11,328,328,0.654,0,0
0.5,0.5,0.5,5,125000,25000,-2.87822e-10,1.14326e-10,1,1,10,250000,50000,1.53847e-12,1.32012e-13,100000,100000,250000,50000,-5.75644e-10,2.28651e-11,329,329,0.656,0,0
0.5,0.5,0.5,5,125000,25000,2.88328e-10,-3.46168e-10,1,1,10,250000,50000,1.54118e-12,3.9972e-13,100000,100000,250000,50000,5.76657e-10,-6.92335e-11,330,330,0.658,0,0
0.5,0.5,0.5,5,125000,25000,-3.6459e-10,2.6065e-10,1,1,10,250000,50000,1.94882e-12,3.00973e-13,100000,100000,250000,50000,-7.2918e-10,5.213e-11,331,331,0.66,0,0
0.5,0.5,0.5,5,125000,25000,3.10514e-10,-3.1614e-10,1,1,10,250000,50000,1.65977e-12,3.65047e-13,100000,100000,250000,50000,6.21027e-10,-6.32279e-11,332,332,0.662,0,0
0.5,0.5,0.5,5,125000,25000,-2.06018e-10,1.24631e-10,1,1,10,250000,50000,1.10121e-12,1.43911e-13,100000,100000,250000,50000,-4.12037e-10,2.49262e-11,333,333,0.664,0,0
0.5,0.5,0.5,5,125000,25000,1.7885e-10,-1.88161e-10,1,1,10,250000,50000,9.55991e-13,2.17269e-13,100000,100000,250000,50000,3.57699e-10,-3.76321e-11,334,334,0.666,0,0
0.5,0.5,0.5,5,125000,25000,-9.53967e-11,4.34254e-11,1,1,10,250000,50000,5.09917e-13,5.01433e-14,100000,100000,250000,50000,-1.90793e-10,8.68507e-12,335,335,0.668,0,0
0.5,0.5,0.5,5,125000,25000,5.41556e-11,-5.54624e-11,1,1,10,250000,50000,2.89474e-13,6.40425e-14,100000,100000,250000,50000,1.08311e-10,-1.10925e-11,336,336,0.67,0,0
0.5,0.5,0.5,5,125000,25000,-4.30576e-11,2.26467e-11,1,1,10,250000,50000,2.30153e-13,2.61501e-14,100000,100000,250000,50000,-8.61152e-11,4.52933e-12,337,337,0.672,0,0
0.5,0.5,0.5,5,125000,25000,5.27575e-12,-2.17651e-12,1,1,10,250000,50000,2.82001e-14,2.51322e-15,100000,100000,250000,50000,1.05515e-11,-4.35303e-13,338,338,0.674,0,0
0.5,0.5,0.5,5,125000,25000,-1.28286e-12,5.71316e-12,1,1,10,250000,50000,6.85719e-15,6.59698e-15,100000,100000,250000,50000,-2.56573e-12,1.14263e-12,339,339,0.676,0,0
0.5,0.5,0.5,5,125000,25000,3.42376e-12,1.26858e-11,1,1,10,250000,50000,1.83008e-14,1.46484e-14,100000,100000,250000,50000,6.84752e-12,2.53717e-12,340,340,0.678,0,0
0.5,0.5,0.5,5,125000,25000,1.52286e-12,1.57173e-11,1,1,10,250000,50000,8.14005e-15,1.81488e-14,100000,100000,250000,50000,3.04573e-12,3.14346e-12,341,341,0.68,0,0
0.5,0.5,0.5,5,125000,25000,-7.2977e-13,2.11998e-11,1,1,10,250000,50000,3.90078e-15,2.44794e-14,100000,100000,250000,50000,-1.45954e-12,4.23996e-12,342,342,0.682,0,0
0.5,0.5,0.5,5,125000,25000,5.57786e-12,1.52349e-11,1,1,10,250000,50000,2.98149e-14,1.75918e-14,100000,100000,250000,50000,1.11557e-11,3.04699e-12,343,343,0.684,0,0
0.5,0.5,0.5,5,125000,25000,-1.82076e-12,1.77398e-11,1,1,10,250000,50000,9.73237e-15,2.04841e-14,100000,100000,250000,50000,-3.64152e-12,3.54796e-12,344,344,0.686,0,0
0.5,0.5,0.5,5,125000,25000,3.45952e-12,1.00367e-11,1,1,10,250000,50000,1.84919e-14,1.15894e-14,100000,100000,250000,50000,6.91905e-12,2.00734e-12,345,345,0.688,0,0
0.5,0.5,0.5,5,125000,25000,-5.26194e-13,7.78203e-12,1,1,10,250000,50000,2.81262e-15,8.98591e-15,100000,100000,250000,50000,-1.05239e-12,1.55641e-12,346,346,0.69,0,0
0.5,0.5,0.5,5,125000,25000,1.24837e-12,5.40795e-12,1,1,10,250000,50000,6.67283e-15,6.24456e-15,100000,100000,250000,50000,2.49674e-12,1.08159e-12,347,347,0.692,0,0
0.5,0.5,0.5,5,125000,25000,3.74602e-13,6.35473e-12,1,1,10,250000,50000,2.00233e-15,7.33781e-15,100000,100000,250000,50000,7.49203e-13,1.27095e-12,348,348,0.694,0,0
0.5,0.5,0.5,5,125000,25000,7.507e-13,6.36145e-12,1,1,10,250000,50000,4.01266e-15,7.34557e-15,100000,100000,250000,50000,1.5014e-12,1.27229e-12,349,349,0.696,0,0
0.5,0.5,0.5,5,125000,25000,4.4855e-13,6.773e-12,1,1,10,250000,50000,2.3976e-15,7.82079e-15,100000,100000,250000,50000,8.97101e-13,1.3546e-12,350,350,0.698,0,0
0.5,0.5,0.5,5,125000,25000,6.29028e-13,5.67314e-12,1,1,10,250000,50000,3.3623e-15,6.55077e-15,100000,100000,250000,50000,1.25806e-12,1.13463e-12,351,351,0.7,0,0
0.5,0.5,0.5,5,125000,25000,4.6299e-13,4.57216e-12,1,1,10,250000,50000,2.47478e-15,5.27947e-15,100000,100000,250000,50000,9.25979e-13,9.14432e-13,352,352,0.702,0,0
0.5,0.5,0.5,5,125000,25000,2.26901e-13,3.33629e-12,1,1,10,250000,50000,1.21284e-15,3.85241e-15,100000,100000,250000,50000,4.53802e-13,6.67258e-13,353,353,0.704,0,0
0.5,0.5,0.5,5,125000,25000,3.75841e-13,1.98005e-12,1,1,10,250000,50000,2.00895e-15,2.28637e-15,100000,100000,250000,50000,7.51681e-13,3.9601e-13,354,354,0.706,0,0
0.5,0.5,0.5,5,125000,25000,1.95348e-13,2.23835e-12,1,1,10,250000,50000,1.04418e-15,2.58463e-15,100000,100000,250000,50000,3.90696e-13,4.47671e-13,355,355,0.708,0,0
0.5,0.5,0.5,5,125000,25000,1.83336e-14,1.36716e-12,1,1,10,250000,50000,9.79971e-17,1.57866e-15,100000,100000,250000,50000,3.66672e-14,2.73433e-13,356,356,0.71,0,0
0.5,0.5,0.5,5,125000,25000,4.73739e-13,3.07338e-12,1,1,10,250000,50000,2.53224e-15,3.54883e-15,100000,100000,250000,50000,9.47477e-13,6.14675e-13,357,357,0.712,0,0
0.5,0.5,0.5,5,125000,25000,2.2307e-13,3.20011e-12,1,1,10,250000,50000,1.19236e-15,3.69517e-15,100000,100000,250000,50000,4.46141e-13,6.40022e-13,358,358,0.714,0,0
0.5,0.5,0.5,5,125000,25000,5.09327e-13,4.46774e-12,1,1,10,250000,50000,2.72247e-15,5.1589e-15,100000,100000,250000,50000,1.01865e-12,8.93547e-13,359,359,0.716,0,0
0.5,0.5,0.5,5,125000,25000,-2.27379e-13,4.33935e-12,1,1,10,250000,50000,1.21539e-15,5.01065e-15,100000,100000,250000,50000,-4.54758e-13,8.6787e-13,360,360,0.718,0,0
0.5,0.5,0.5,5,125000,25000,4.94972e-13,1.25706e-12,1,1,10,250000,50000,2.64574e-15,1.45153e-15,100000,100000,250000,50000,9.89945e-13,2.51412e-13,361,361,0.72,0,0
0.5,0.5,0.5,5,125000,25000,-4.58038e-13,-4.71273e-12,1,1,10,250000,50000,2.44832e-15,5.44179e-15,100000,100000,250000,50000,-9.16077e-13,-9.42546e-13,362,362,0.722,0,0
0.5,0.5,0.5,5,125000,25000,-7.55598e-13,-6.54112e-12,1,1,10,250000,50000,4.03884e-15,7.55303e-15,100000,100000,250000,50000,-1.5112e-12,-1.30822e-12,363,363,0.724,0,0
0.5,0.5,0.5,5,125000,25000,-3.70657e-13,-3.06559e-12,1,1,10,250000,50000,1.98125e-15,3.53984e-15,100000,100000,250000,50000,-7.41315e-13,-6.13118e-13,364,364,0.726,0,0
0.5,0.5,0.5,5,125000,25000,4.17124e-13,5.94179e-12,1,1,10,250000,50000,2.22962e-15,6.86098e-15,100000,100000,250000,50000,8.34247e-13,1.18836e-12,365,365,0.728,0,0
0.5,0.5,0.5,5,125000,25000,1.70585e-12,1.60379e-11,1,1,10,250000,50000,9.11816e-15,1.85189e-14,100000,100000,250000,50000,3.4117e-12,3.20758e-12,366,366,0.73,0,0
0.5,0.5,0.5,5,125000,25000,1.95028e-12,2.02688e-11,1,1,10,250000,50000,1.04247e-14,2.34044e-14,100000,100000,250000,50000,3.90057e-12,4.05377e-12,367,367,0.732,0,0
0.5,0.5,0.5,5,125000,25000,2.01462e-12,2.09392e-11,1,1,10,250000,50000,1.07686e-14,2.41785e-14,100000,100000,250000,50000,4.02925e-12,4.18784e-12,368,368,0.734,0,0
0.5,0.5,0.5,5,125000,25000,2.02641e-12,1.86456e-11,1,1,10,250000,50000,1.08316e-14,2.15301e-14,100000,100000,250000,50000,4.05282e-12,3.72912e-12,369,369,0.736,0,0
0.5,0.5,0.5,5,125000,25000,1.87122e-12,1.70781e-11,1,1,10,250000,50000,1.00021e-14,1.97201e-14,100000,100000,250000,50000,3.74243e-12,3.41562e-12,370,370,0.738,0,0
0.5,0.5,0.5,5,125000,25000,1.57043e-12,1.45106e-11,1,1,10,250000,50000,8.3943e-15,1.67554e-14,100000,100000,250000,50000,3.14086e-12,2.90212e-12,371,371,0.74,0,0
0.5,0.5,0.5,5,125000,25000,6.98962e-13,7.84645e-12,1,1,10,250000,50000,3.73611e-15,9.0603e-15,100000,100000,250000,50000,1.39792e-12,1.56929e-12,372,372,0.742,0,0
0.5,0.5,0.5,5,125000,25000,3.76897e-13,3.4956e-12,1,1,10,250000,50000,2.0146e-15,4.03637e-15,100000,100000,250000,50000,7.53794e-13,6.99119e-13,373,373,0.744,0,0
0.5,0.5,0.5,5,125000,25000,6.098e-14,1.30186e-12,1,1,10,250000,50000,3.25952e-16,1.50325e-15,100000,100000,250000,50000,1.2196e-13,2.60371e-13,374,374,0.746,0,0
0.5,0.5,0.5,5,125000,25000,5.65248e-13,3.23898e-12,1,1,10,250000,50000,3.02138e-15,3.74006e-15,100000,100000,250000,50000,1.1305e-12,6.47797e-13,375,375,0.748,0,0
0.5,0.5,0.5,5,125000,25000,6.84994e-13,7.4772e-12,1,1,10,250000,50000,3.66145e-15,8.63392e-15,100000,100000,250000,50000,1.36999e-12,1.49544e-12,376,376,0.75,0,0
0.5,0.5,0.5,5,125000,25000,8.57959e-13,1.07239e-11,1,1,10,250000,50000,4.58599e-15,1.23829e-14,100000,100000,250000,50000,1.71592e-12,2.14478e-12,377,377,0.752,0,0
0.5,0.5,0.5,5,125000,25000,1.38145e-12,1.1958e-11,1,1,10,250000,50000,7.38416e-15,1.38079e-14,100000,100000,250000,50000,2.7629e-12,2.3916e-12,378,378,0.754,0,0
0.5,0.5,0.5,5,125000,25000,1.2961e-12,1.48288e-11,1,1,10,250000,50000,6.92794e-15,1.71228e-14,100000,100000,250000,50000,2.5922e-12,2.96576e-12,379,379,0.756,0,0
0.5,0.5,0.5,5,125000,25000,1.89172e-12,1.70012e-11,1,1,10,250000,50000,1.01117e-14,1.96312e-14,100000,100000,250000,50000,3.78345e-12,3.40023e-12,380,380,0.758,0,0
0.5,0.5,0.5,5,125000,25000,2.08719e-12,1.7755e-11,1,1,10,250000,50000,1.11565e-14,2.05018e-14,100000,100000,250000,50000,4.17438e-12,3.55101e-12,381,381,0.76,0,0
0.5,0.5,0.5,5,125000,25000,1.55614e-12,1.79435e-11,1,1,10,250000,50000,8.3179e-15,2.07194e-14,100000,100000,250000,50000,3.11227e-12,3.58871e-12,382,382,0.762,0,0
0.5,0.5,0.5,5,125000,25000,1.66492e-12,1.60853e-11,1,1,10,250000,50000,8.89936e-15,1.85737e-14,100000,100000,250000,50000,3.32984e-12,3.21706e-12,383,383,0.764,0,0
0.5,0.5,0.5,5,125000,25000,1.74504e-12,1.67468e-11,1,1,10,250000,50000,9.32763e-15,1.93376e-14,100000,100000,250000,50000,3.49008e-12,3.34936e-12,384,384,0.766,0,0
0.5,0.5,0.5,5,125000,25000,1.92124e-12,1.75166e-11,1,1,10,250000,50000,1.02695e-14,2.02264e-14,100000,100000,250000,50000,3.84248e-12,3.50332e-12,385,385,0.768,0,0
0.5,0.5,0.5,5,125000,25000,2.29235e-12,2.20928e-11,1,1,10,250000,50000,1.22531e-14,2.55106e-14,100000,100000,250000,50000,4.5847e-12,4.41856e-12,386,386,0.77,0,0
0.5,0.5,0.5,5,125000,25000,2.47992e-12,2.47152e-11,1,1,10,250000,50000,1.32557e-14,2.85387e-14,100000,100000,250000,50000,4.95984e-12,4.94304e-12,387,387,0.772,0,0
0.5,0.5,0.5,5,125000,25000,2.50675e-12,2.4045e-11,1,1,10,250000,50000,1.33991e-14,2.77647e-14,100000,100000,250000,50000,5.01349e-12,4.80899e-12,388,388,0.774,0,0
0.5,0.5,0.5,5,125000,25000,2.48697e-12,2.42193e-11,1,1,10,250000,50000,1.32934e-14,2.7966e-14,100000,100000,250000,50000,4.97395e-12,4.84386e-12,389,389,0.776,0,0
0.5,0.5,0.5,5,125000,25000,2.01857e-12,2.32807e-11,1,1,10,250000,50000,1.07897e-14,2.68823e-14,100000,100000,250000,50000,4.03715e-12,4.65614e-12,390,390,0.778,0,0
0.5,0.5,0.5,5,125000,25000,2.35973e-12,2.5369e-11,1,1,10,250000,50000,1.26133e-14,2.92936e-14,100000,100000,250000,50000,4.71946e-12,5.0738e-12,391,391,0.78,0,0
0.5,0.5,0.5,5,125000,25000,2.0902e-12,2.18303e-11,1,1,10,250000,50000,1.11726e-14,2.52074e-14,100000,100000,250000,50000,4.18039e-12,4.36605e-12,392,392,0.782,0,0
0.5,0.5,0.5,5,125000,25000,2.14093e-12,1.93542e-11,1,1,10,250000,50000,1.14438e-14,2.23484e-14,100000,100000,250000,50000,4.28186e-12,3.87085e-12,393,393,0.784,0,0
0.5,0.5,0.5,5,125000,25000,1.3886e-12,1.56555e-11,1,1,10,250000,50000,7.42239e-15,1.80774e-14,100000,100000,250000,50000,2.7772e-12,3.13109e-12,394,394,0.786,0,0
0.5,0.5,0.5,5,125000,25000,1.36036e-12,1.49004e-11,1,1,10,250000,50000,7.2714e-15,1.72055e-14,100000,100000,250000,50000,2.72071e-12,2.98007e-12,395,395,0.788,0,0
0.5,0.5,0.5,5,125000,25000,2.02419e-12,1.8115e-11,1,1,10,250000,50000,1.08197e-14,2.09174e-14,100000,100000,250000,50000,4.04837e-12,3.62301e-12,396,396,0.79,0,0
0.5,0.5,0.5,5,125000,25000,2.08044e-12,2.06275e-11,1,1,10,250000,50000,1.11204e-14,2.38185e-14,100000,100000,250000,50000,4.16088e-12,4.12549e-12,397,397,0.792,0,0
0.5,0.5,0.5,5,125000,25000,2.19614e-12,2.27379e-11,1,1,10,250000,50000,1.17388e-14,2.62555e-14,100000,100000,250000,50000,4.39227e-12,4.54758e-12,398,398,0.794,0,0
0.5,0.5,0.5,5,125000,25000,2.13193e-12,2.35584e-11,1,1,10,250000,50000,1.13956e-14,2.72029e-14,100000,100000,250000,50000,4.26386e-12,4.71167e-12,399,399,0.796,0,0
0.5,0.5,0.5,5,125000,25000,2.21404e-12,2.30964e-11,1,1,10,250000,50000,1.18345e-14,2.66694e-14,100000,100000,250000,50000,4.42808e-12,4.61928e-12,400,400,0.798,0,0
0.5,0.5,0.5,5,125000,25000,2.49205e-12,2.41097e-11,1,1,10,250000,50000,1.33206e-14,2.78394e-14,100000,100000,250000,50000,4.9841e-12,4.82193e-12,401,401,0.8,0,0
0.5,0.5,0.5,5,125000,25000,2.68462e-12,2.60654e-11,1,1,10,250000,50000,1.43499e-14,3.00977e-14,100000,100000,250000,50000,5.36923e-12,5.21307e-12,402,402,0.802,0,0
0.5,0.5,0.5,5,125000,25000,2.36231e-12,2.56895e-11,1,1,10,250000,50000,1.26271e-14,2.96637e-14,100000,100000,250000,50000,4.72461e-12,5.13791e-12,403,403,0.804,0,0
0.5,0.5,0.5,5,125000,25000,2.42103e-12,2.414e-11,1,1,10,250000,50000,1.2941e-14,2.78744e-14,100000,100000,250000,50000,4.84206e-12,4.82799e-12,404,404,0.806,0,0
0.5,0.5,0.5,5,125000,25000,2.053e-12,2.02504e-11,1,1,10,250000,50000,1.09737e-14,2.33831e-14,100000,100000,250000,50000,4.106e-12,4.05008e-12,405,405,0.808,0,0
0.5,0.5,0.5,5,125000,25000,1.34791e-12,1.28403e-11,1,1,10,250000,50000,7.20487e-15,1.48266e-14,100000,100000,250000,50000,2.69582e-12,2.56805e-12,406,406,0.81,0,0
0.5,0.5,0.5,5,125000,25000,6.20567e-13,6.50583e-12,1,1,10,250000,50000,3.31707e-15,7.51229e-15,100000,100000,250000,50000,1.24113e-12,1.30117e-12,407,407,0.812,0,0
0.5,0.5,0.5,5,125000,25000,1.06195e-13,4.54932e-13,1,1,10,250000,50000,5.67635e-16,5.25311e-16,100000,100000,250000,50000,2.1239e-13,9.09865e-14,408,408,0.814,0,0
0.5,0.5,0.5,5,125000,25000,-5.79408e-13,-5.64784e-12,1,1,10,250000,50000,3.09706e-15,6.52156e-15,100000,100000,250000,50000,-1.15882e-12,-1.12957e-12,409,409,0.816,0,0
0.5,0.5,0.5,5,125000,25000,-1.33265e-12,-1.21428e-11,1,1,10,250000,50000,7.12332e-15,1.40213e-14,100000,100000,250000,50000,-2.6653e-12,-2.42855e-12,410,410,0.818,0,0
0.5,0.5,0.5,5,125000,25000,-1.64122e-12,-1.85934e-11,1,1,10,250000,50000,8.77267e-15,2.14698e-14,100000,100000,250000,50000,-3.28243e-12,-3.71868e-12,411,411,0.82,0,0
0.5,0.5,0.5,5,125000,25000,-2.52553e-12,-2.66392e-11,1,1,10,250000,50000,1.34995e-14,3.07604e-14,100000,100000,250000,50000,-5.05105e-12,-5.32785e-12,412,412,0.822,0,0
0.5,0.5,0.5,5,125000,25000,-3.07164e-12,-3.00472e-11,1,1,10,250000,50000,1.64186e-14,3.46955e-14,100000,100000,250000,50000,-6.14327e-12,-6.00944e-12,413,413,0.824,0,0
0.5,0.5,0.5,5,125000,25000,-2.82493e-12,-2.99424e-11,1,1,10,250000,50000,1.50999e-14,3.45745e-14,100000,100000,250000,50000,-5.64985e-12,-5.98849e-12,414,414,0.826,0,0
0.5,0.5,0.5,5,125000,25000,-2.74154e-12,-2.81318e-11,1,1,10,250000,50000,1.46541e-14,3.24838e-14,100000,100000,250000,50000,-5.48308e-12,-5.62635e-12,415,415,0.828,0,0
0.5,0.5,0.5,5,125000,25000,-2.80919e-12,-2.71436e-11,1,1,10,250000,50000,1.50157e-14,3.13427e-14,100000,100000,250000,50000,-5.61837e-12,-5.42872e-12,416,416,0.83,0,0
0.5,0.5,0.5,5,125000,25000,-2.5087e-12,-2.45969e-11,1,1,10,250000,50000,1.34096e-14,2.84021e-14,100000,100000,250000,50000,-5.0174e-12,-4.91938e-12,417,417,0.832,0,0
0.5,0.5,0.5,5,125000,25000,-2.27144e-12,-2.26504e-11,1,1,10,250000,50000,1.21413e-14,2.61544e-14,100000,100000,250000,50000,-4.54287e-12,-4.53008e-12,418,418,0.834,0,0
0.5,0.5,0.5,5,125000,25000,-1.6635e-12,-1.70599e-11,1,1,10,250000,50000,8.8918e-15,1.96991e-14,100000,100000,250000,50000,-3.32701e-12,-3.41199e-12,419,419,0.836,0,0
0.5,0.5,0.5,5,125000,25000,-9.28977e-13,-8.66838e-12,1,1,10,250000,50000,4.96559e-15,1.00094e-14,100000,100000,250000,50000,-1.85795e-12,-1.73368e-12,420,420,0.838,0,0
0.5,0.5,0.5,5,125000,25000,-3.41323e-13,-2.11716e-12,1,1,10,250000,50000,1.82445e-15,2.44469e-15,100000,100000,250000,50000,-6.82646e-13,-4.23433e-13,421,421,0.84,0,0
0.5,0.5,0.5,5,125000,25000,1.70752e-13,2.39975e-12,1,1,10,250000,50000,9.12708e-16,2.77099e-15,100000,100000,250000,50000,3.41504e-13,4.7995e-13,422,422,0.842,0,0
0.5,0.5,0.5,5,125000,25000,7.15675e-13,5.80797e-12,1,1,10,250000,50000,3.82544e-15,6.70647e-15,100000,100000,250000,50000,1.43135e-12,1.16159e-12,423,423,0.844,0,0
0.5,0.5,0.5,5,125000,25000,1.18439e-12,1.07179e-11,1,1,10,250000,50000,6.33082e-15,1.2376e-14,100000,100000,250000,50000,2.36878e-12,2.14358e-12,424,424,0.846,0,0
0.5,0.5,0.5,5,125000,25000,1.39185e-12,1.58884e-11,1,1,10,250000,50000,7.43975e-15,1.83464e-14,100000,100000,250000,50000,2.7837e-12,3.17769e-12,425,425,0.848,0,0
0.5,0.5,0.5,5,125000,25000,2.25909e-12,2.12726e-11,1,1,10,250000,50000,1.20753e-14,2.45634e-14,100000,100000,250000,50000,4.51818e-12,4.25451e-12,426,426,0.85,0,0
0.5,0.5,0.5,5,125000,25000,2.43588e-12,2.61785e-11,1,1,10,250000,50000,1.30203e-14,3.02283e-14,100000,100000,250000,50000,4.87175e-12,5.23569e-12,427,427,0.852,0,0
0.5,0.5,0.5,5,125000,25000,2.84042e-12,2.81601e-11,1,1,10,250000,50000,1.51827e-14,3.25165e-14,100000,100000,250000,50000,5.68085e-12,5.63203e-12,428,428,0.854,0,0
0.5,0.5,0.5,5,125000,25000,2.85811e-12,2.68843e-11,1,1,10,250000,50000,1.52772e-14,3.10433e-14,100000,100000,250000,50000,5.71622e-12,5.37686e-12,429,429,0.856,0,0
0.5,0.5,0.5,5,125000,25000,2.27493e-12,2.52834e-11,1,1,10,250000,50000,1.216e-14,2.91948e-14,100000,100000,250000,50000,4.54986e-12,5.05668e-12,430,430,0.858,0,0
0.5,0.5,0.5,5,125000,25000,3.01562e-12,2.74689e-11,1,1,10,250000,50000,1.61192e-14,3.17183e-14,100000,100000,250000,50000,6.03124e-12,5.49378e-12,431,431,0.86,0,0
0.5,0.5,0.5,5,125000,25000,3.01883e-12,3.01541e-11,1,1,10,250000,50000,1.61363e-14,3.4819e-14,100000,100000,250000,50000,6.03767e-12,6.03082e-12,432,432,0.862,0,0
0.5,0.5,0.5,5,125000,25000,3.63606e-12,3.72635e-11,1,1,10,250000,50000,1.94356e-14,4.30282e-14,100000,100000,250000,50000,7.27212e-12,7.4527e-12,433,433,0.864,0,0
0.5,0.5,0.5,5,125000,25000,4.13489e-12,4.37209e-11,1,1,10,250000,50000,2.21019e-14,5.04846e-14,100000,100000,250000,50000,8.26978e-12,8.74418e-12,434,434,0.866,0,0
0.5,0.5,0.5,5,125000,25000,5.05847e-12,5.08603e-11,1,1,10,250000,50000,2.70387e-14,5.87284e-14,100000,100000,250000,50000,1.01169e-11,1.01721e-11,435,435,0.868,0,0
0.5,0.5,0.5,5,125000,25000,5.2991e-12,5.17825e-11,1,1,10,250000,50000,2.83249e-14,5.97933e-14,100000,100000,250000,50000,1.05982e-11,1.03565e-11,436,436,0.87,0,0
0.5,0.5,0.5,5,125000,25000,5.02179e-12,4.98733e-11,1,1,10,250000,50000,2.68426e-14,5.75887e-14,100000,100000,250000,50000,1.00436e-11,9.97466e-12,437,437,0.872,0,0
0.5,0.5,0.5,5,125000,25000,4.71029e-12,4.68542e-11,1,1,10,250000,50000,2.51775e-14,5.41026e-14,100000,100000,250000,50000,9.42057e-12,9.37084e-12,438,438,0.874,0,0
0.5,0.5,0.5,5,125000,25000,4.33277e-12,4.29712e-11,1,1,10,250000,50000,2.31596e-14,4.96188e-14,100000,100000,250000,50000,8.66554e-12,8.59423e-12,439,439,0.876,0,0
0.5,0.5,0.5,5,125000,25000,4.05449e-12,4.02838e-11,1,1,10,250000,50000,2.16722e-14,4.65157e-14,100000,100000,250000,50000,8.10899e-12,8.05676e-12,440,440,0.878,0,0
0.5,0.5,0.5,5,125000,25000,3.53114e-12,3.65329e-11,1,1,10,250000,50000,1.88747e-14,4.21845e-14,100000,100000,250000,50000,7.06227e-12,7.30657e-12,441,441,0.88,0,0
0.5,0.5,0.5,5,125000,25000,3.62446e-12,3.41467e-11,1,1,10,250000,50000,1.93736e-14,3.94293e-14,100000,100000,250000,50000,7.24892e-12,6.82935e-12,442,442,0.882,0,0
0.5,0.5,0.5,5,125000,25000,2.97753e-12,2.93884e-11,1,1,10,250000,50000,1.59156e-14,3.39348e-14,100000,100000,250000,50000,5.95506e-12,5.87768e-12,443,443,0.884,0,0
0.5,0.5,0.5,5,125000,25000,2.34545e-12,2.42251e-11,1,1,10,250000,50000,1.2537e-14,2.79728e-14,100000,100000,250000,50000,4.6909e-12,4.84503e-12,444,444,0.886,0,0
0.5,0.5,0.5,5,125000,25000,1.98122e-12,1.92583e-11,1,1,10,250000,50000,1.05901e-14,2.22376e-14,100000,100000,250000,50000,3.96244e-12,3.85167e-12,445,445,0.888,0,0
0.5,0.5,0.5,5,125000,25000,1.69931e-12,1.75241e-11,1,1,10,250000,50000,9.08322e-15,2.02351e-14,100000,100000,250000,50000,3.39863e-12,3.50483e-12,446,446,0.89,0,0
0.5,0.5,0.5,5,125000,25000,1.78495e-12,1.83412e-11,1,1,10,250000,50000,9.54098e-15,2.11786e-14,100000,100000,250000,50000,3.56991e-12,3.66824e-12,447,447,0.892,0,0
0.5,0.5,0.5,5,125000,25000,1.90145e-12,2.01843e-11,1,1,10,250000,50000,1.01637e-14,2.33068e-14,100000,100000,250000,50000,3.80289e-12,4.03686e-12,448,448,0.894,0,0
0.5,0.5,0.5,5,125000,25000,1.85177e-12,1.9159e-11,1,1,10,250000,50000,9.89814e-15,2.21229e-14,100000,100000,250000,50000,3.70354e-12,3.8318e-12,449,449,0.896,0,0
0.5,0.5,0.5,5,125000,25000,1.89405e-12,1.77297e-11,1,1,10,250000,50000,1.01241e-14,2.04726e-14,100000,100000,250000,50000,3.78811e-12,3.54595e-12,450,450,0.898,0,0
0.5,0.5,0.5,5,125000,25000,1.7548e-12,1.87659e-11,1,1,10,250000,50000,9.37978e-15,2.1669e-14,100000,100000,250000,50000,3.50959e-12,3.75318e-12,451,451,0.9,0,0
0.5,0.5,0.5,5,125000,25000,1.84839e-12,1.8533e-11,1,1,10,250000,50000,9.88004e-15,2.14001e-14,100000,100000,250000,50000,3.69677e-12,3.70661e-12,452,452,0.902,0,0
0.5,0.5,0.5,5,125000,25000,1.89969e-12,2.01495e-11,1,1,10,250000,50000,1.01543e-14,2.32666e-14,100000,100000,250000,50000,3.79939e-12,4.02989e-12,453,453,0.904,0,0
0.5,0.5,0.5,5,125000,25000,2.14495e-12,1.92478e-11,1,1,10,250000,50000,1.14652e-14,2.22254e-14,100000,100000,250000,50000,4.28989e-12,3.84956e-12,454,454,0.906,0,0
0.5,0.5,0.5,5,125000,25000,1.72604e-12,1.72433e-11,1,1,10,250000,50000,9.22606e-15,1.99109e-14,100000,100000,250000,50000,3.45208e-12,3.44866e-12,455,455,0.908,0,0
0.5,0.5,0.5,5,125000,25000,1.49723e-12,1.45509e-11,1,1,10,250000,50000,8.00305e-15,1.6802e-14,100000,100000,250000,50000,2.99447e-12,2.91019e-12,456,456,0.91,0,0
0.5,0.5,0.5,5,125000,25000,1.25711e-12,1.27478e-11,1,1,10,250000,50000,6.71953e-15,1.47198e-14,100000,100000,250000,50000,2.51422e-12,2.54955e-12,457,457,0.912,0,0
0.5,0.5,0.5,5,125000,25000,1.11607e-12,1.0901e-11,1,1,10,250000,50000,5.96562e-15,1.25874e-14,100000,100000,250000,50000,2.23213e-12,2.18019e-12,458,458,0.914,0,0
0.5,0.5,0.5,5,125000,25000,9.07389e-13,9.69195e-12,1,1,10,250000,50000,4.8502e-15,1.11913e-14,100000,100000,250000,50000,1.81478e-12,1.93839e-12,459,459,0.916,0,0
0.5,0.5,0.5,5,125000,25000,1.21573e-12,9.35773e-12,1,1,10,250000,50000,6.49833e-15,1.08054e-14,100000,100000,250000,50000,2.43145e-12,1.87155e-12,460,460,0.918,0,0
0.5,0.5,0.5,5,125000,25000,8.01077e-13,8.93844e-12,1,1,10,250000,50000,4.28194e-15,1.03212e-14,100000,100000,250000,50000,1.60215e-12,1.78769e-12,461,461,0.92,0,0
0.5,0.5,0.5,5,125000,25000,1.15962e-12,1.19256e-11,1,1,10,250000,50000,6.19843e-15,1.37704e-14,100000,100000,250000,50000,2.31924e-12,2.38511e-12,462,462,0.922,0,0
0.5,0.5,0.5,5,125000,25000,1.4903e-12,1.48346e-11,1,1,10,250000,50000,7.96601e-15,1.71296e-14,100000,100000,250000,50000,2.98061e-12,2.96693e-12,463,463,0.924,0,0
0.5,0.5,0.5,5,125000,25000,2.49863e-12,2.23495e-11,1,1,10,250000,50000,1.33558e-14,2.58069e-14,100000,100000,250000,50000,4.99727e-12,4.46989e-12,464,464,0.926,0,0
0.5,0.5,0.5,5,125000,25000,3.01114e-12,3.06627e-11,1,1,10,250000,50000,1.60952e-14,3.54063e-14,100000,100000,250000,50000,6.02228e-12,6.13254e-12,465,465,0.928,0,0
0.5,0.5,0.5,5,125000,25000,4.48645e-12,4.21101e-11,1,1,10,250000,50000,2.39811e-14,4.86245e-14,100000,100000,250000,50000,8.9729e-12,8.42201e-12,466,466,0.93,0,0
0.5,0.5,0.5,5,125000,25000,5.04924e-12,5.17312e-11,1,1,10,250000,50000,2.69893e-14,5.97341e-14,100000,100000,250000,50000,1.00985e-11,1.03462e-11,467,467,0.932,0,0
0.5,0.5,0.5,5,125000,25000,5.1071e-12,5.39254e-11,1,1,10,250000,50000,2.72986e-14,6.22677e-14,100000,100000,250000,50000,1.02142e-11,1.07851e-11,468,468,0.934,0,0
0.5,0.5,0.5,5,125000,25000,4.13588e-12,4.44218e-11,1,1,10,250000,50000,2.21072e-14,5.12939e-14,100000,100000,250000,50000,8.27175e-12,8.88436e-12,469,469,0.936,0,0
0.5,0.5,0.5,5,125000,25000,3.00041e-12,2.98384e-11,1,1,10,250000,50000,1.60379e-14,3.44544e-14,100000,100000,250000,50000,6.00082e-12,5.96768e-12,470,470,0.938,0,0
0.5,0.5,0.5,5,125000,25000,1.76499e-12,1.63026e-11,1,1,10,250000,50000,9.43425e-15,1.88246e-14,100000,100000,250000,50000,3.52997e-12,3.26052e-12,471,471,0.94,0,0
0.5,0.5,0.5,5,125000,25000,7.20316e-13,6.41309e-12,1,1,10,250000,50000,3.85025e-15,7.4052e-15,100000,100000,250000,50000,1.44063e-12,1.28262e-12,472,472,0.942,0,0
0.5,0.5,0.5,5,125000,25000,-1.087e-13,-4.08542e-14,1,1,10,250000,50000,5.81028e-16,4.71744e-17,100000,100000,250000,50000,-2.17401e-13,-8.17085e-15,473,473,0.944,0,0
0.5,0.5,0.5,5,125000,25000,-4.58661e-14,-1.59687e-12,1,1,10,250000,50000,2.45165e-16,1.84391e-15,100000,100000,250000,50000,-9.17323e-14,-3.19374e-13,474,474,0.946,0,0
0.5,0.5,0.5,5,125000,25000,-5.47143e-13,-4.89164e-12,1,1,10,250000,50000,2.9246e-15,5.64838e-15,100000,100000,250000,50000,-1.09429e-12,-9.78327e-13,475,475,0.948,0,0
0.5,0.5,0.5,5,125000,25000,-4.98584e-13,-5.46661e-12,1,1,10,250000,50000,2.66504e-15,6.3123e-15,100000,100000,250000,50000,-9.97167e-13,-1.09332e-12,476,476,0.95,0,0
0.5,0.5,0.5,5,125000,25000,-6.67226e-13,-5.97305e-12,1,1,10,250000,50000,3.56647e-15,6.89709e-15,100000,100000,250000,50000,-1.33445e-12,-1.19461e-12,477,477,0.952,0,0
0.5,0.5,0.5,5,125000,25000,-7.39533e-13,-5.6815e-12,1,1,10,250000,50000,3.95297e-15,6.56043e-15,100000,100000,250000,50000,-1.47907e-12,-1.1363e-12,478,478,0.954,0,0
0.5,0.5,0.5,5,125000,25000,-3.65977e-13,-4.55138e-12,1,1,10,250000,50000,1.95623e-15,5.25548e-15,100000,100000,250000,50000,-7.31953e-13,-9.10275e-13,479,479,0.956,0,0
0.5,0.5,0.5,5,125000,25000,-4.98553e-13,-5.28746e-12,1,1,10,250000,50000,2.66488e-15,6.10543e-15,100000,100000,250000,50000,-9.97106e-13,-1.05749e-12,480,480,0.958,0,0
0.5,0.5,0.5,5,125000,25000,-5.05592e-13,-5.77782e-12,1,1,10,250000,50000,2.70251e-15,6.67165e-15,100000,100000,250000,50000,-1.01118e-12,-1.15556e-12,481,481,0.96,0,0
0.5,0.5,0.5,5,125000,25000,-6.72644e-13,-6.39359e-12,1,1,10,250000,50000,3.59543e-15,7.38269e-15,100000,100000,250000,50000,-1.34529e-12,-1.27872e-12,482,482,0.962,0,0
0.5,0.5,0.5,5,125000,25000,-7.54546e-13,-6.56971e-12,1,1,10,250000,50000,4.03322e-15,7.58604e-15,100000,100000,250000,50000,-1.50909e-12,-1.31394e-12,483,483,0.964,0,0
0.5,0.5,0.5,5,125000,25000,-5.59527e-13,-5.99346e-12,1,1,10,250000,50000,2.9908e-15,6.92065e-15,100000,100000,250000,50000,-1.11905e-12,-1.19869e-12,484,484,0.966,0,0
0.5,0.5,0.5,5,125000,25000,-2.69034e-13,-2.45756e-12,1,1,10,250000,50000,1.43805e-15,2.83774e-15,100000,100000,250000,50000,-5.38069e-13,-4.91511e-13,485,485,0.968,0,0
0.5,0.5,0.5,5,125000,25000,1.14191e-14,-4.04449e-13,1,1,10,250000,50000,6.10378e-17,4.67018e-16,100000,100000,250000,50000,2.28383e-14,-8.08899e-14,486,486,0.97,0,0
0.5,0.5,0.5,5,125000,25000,2.70598e-13,2.63952e-12,1,1,10,250000,50000,1.44641e-15,3.04786e-15,100000,100000,250000,50000,5.41196e-13,5.27904e-13,487,487,0.972,0,0
0.5,0.5,0.5,5,125000,25000,6.58613e-13,4.82836e-12,1,1,10,250000,50000,3.52044e-15,5.57531e-15,100000,100000,250000,50000,1.31723e-12,9.65672e-13,488,488,0.974,0,0
0.5,0.5,0.5,5,125000,25000,1.16297e-12,9.73579e-12,1,1,10,250000,50000,6.21632e-15,1.12419e-14,100000,100000,250000,50000,2.32593e-12,1.94716e-12,489,489,0.976,0,0
0.5,0.5,0.5,5,125000,25000,1.51877e-12,1.42407e-11,1,1,10,250000,50000,8.11816e-15,1.64438e-14,100000,100000,250000,50000,3.03754e-12,2.84815e-12,490,490,0.978,0,0
0.5,0.5,0.5,5,125000,25000,1.93329e-12,1.95336e-11,1,1,10,250000,50000,1.03339e-14,2.25554e-14,100000,100000,250000,50000,3.86659e-12,3.90671e-12,491,491,0.98,0,0
0.5,0.5,0.5,5,125000,25000,2.34853e-12,2.39194e-11,1,1,10,250000,50000,1.25534e-14,2.76197e-14,100000,100000,250000,50000,4.69706e-12,4.78388e-12,492,492,0.982,0,0
0.5,0.5,0.5,5,125000,25000,2.75459e-12,2.76191e-11,1,1,10,250000,50000,1.47239e-14,3.18918e-14,100000,100000,250000,50000,5.50918e-12,5.52382e-12,493,493,0.984,0,0
0.5,0.5,0.5,5,125000,25000,3.14822e-12,3.11968e-11,1,1,10,250000,50000,1.6828e-14,3.6023e-14,100000,100000,250000,50000,6.29644e-12,6.23937e-12,494,494,0.986,0,0
0.5,0.5,0.5,5,125000,25000,2.72935e-12,2.77851e-11,1,1,10,250000,50000,1.4589e-14,3.20835e-14,100000,100000,250000,50000,5.4587e-12,5.55702e-12,495,495,0.988,0,0
0.5,0.5,0.5,5,125000,25000,2.08092e-12,2.26269e-11,1,1,10,250000,50000,1.1123e-14,2.61273e-14,100000,100000,250000,50000,4.16184e-12,4.52538e-12,496,496,0.99,0,0
0.5,0.5,0.5,5,125000,25000,1.83996e-12,1.97548e-11,1,1,10,250000,50000,9.835e-15,2.28108e-14,100000,100000,250000,50000,3.67992e-12,3.95095e-12,497,497,0.992,0,0
0.5,0.5,0.5,5,125000,25000,2.0095e-12,2.0698e-11,1,1,10,250000,50000,1.07412e-14,2.39e-14,100000,100000,250000,50000,4.01901e-12,4.1396e-12,498,498,0.994,0,0
0.5,0.5,0.5,5,125000,25000,2.15296e-12,2.19205e-11,1,1,10,250000,50000,1.1508e-14,2.53116e-14,100000,100000,250000,50000,4.30592e-12,4.3841e-12,499,499,0.996,0,0
0.5,0.5,0.5,5,125000,25000,2.13298e-12,2.0695e-11,1,1,10,250000,50000,1.14013e-14,2.38966e-14,100000,100000,250000,50000,4.26597e-12,4.13901e-12,500,500,0.998,0,0
0.5,0.5,0.5,5,125000,25000,0,0,1,1,10,250000,50000,0,0,100000,100000,250000,50000,0,0,501,501,1,0,0
